url,address,city,state,zip,monthly_payment_total,assumable_rate_pct,loan_type,loan_balance,monthly_payment,price,equity_needed,monthly_tax,monthly_insurance,monthly_hoa,beds,baths,sqft,monthly_loan_insurance,remaining_years
https://www.withroam.com/listing/2430-ROSE-MILL-CT-SW-ATLANTA-GA-30311/403939,"2430 Rose Mill Ct SW, Atlanta, GA, 30311",Atlanta,GA,30311,3111.0,2.5,VA,428190.0,1944.0,598000.0,169809.0,647.0,318.0,200.0,4.0,3.5,2742.0,,
https://www.withroam.com/listing/120-RALPH-MCGILL-BLVD-NE-APT-903-903-ATLANTA-GA-30308/411667,"120 Ralph Mcgill Blvd NE Apt 903 # 903, Atlanta, GA, 30308",Atlanta,GA,30308,1431.0,3.72,FHA,133058.0,702.0,179888.0,46829.0,194.0,95.0,331.0,1.0,1.0,520.0,107.0,
https://www.withroam.com/listing/384-RALPH-MCGILL-BLVD-NE-105-ATLANTA-GA-30312/345291,"384 Ralph Mcgill Blvd NE # 105, Atlanta, GA, 30312",Atlanta,GA,30312,2384.0,2.9,FHA,254409.0,1185.0,287000.0,32590.0,310.0,153.0,534.0,2.0,2.0,1086.0,201.0,
https://www.withroam.com/listing/615-BROADVIEW-PL-NE-ATLANTA-GA-30324/291143,"615 Broadview Pl NE, Atlanta, GA, 30324",Atlanta,GA,30324,2560.0,2.625,VA,341272.0,1575.0,455000.0,113727.0,492.0,242.0,250.0,2.0,2.5,1300.0,,
https://www.withroam.com/listing/1590-EZRA-CHURCH-DR-NW-ATLANTA-GA-30314/407891,"1590 Ezra Church Dr NW, Atlanta, GA, 30314",Atlanta,GA,30314,1635.0,2.75,VA,238633.0,1085.0,340000.0,101366.0,368.0,181.0,0.0,4.0,4.0,1540.0,,
https://www.withroam.com/listing/1444-LAKEVIEW-EAST-DR-SE-ATLANTA-GA-30316/404759,"1444 Lakeview East Dr SE, Atlanta, GA, 30316",Atlanta,GA,30316,4247.0,5.125,VA,555491.0,3201.0,640000.0,84508.0,688.0,341.0,16.0,4.0,3.5,4234.0,,
https://www.withroam.com/listing/384-RALPH-MCGILL-BLVD-NE-405-ATLANTA-GA-30312/368874,"384 Ralph Mcgill Blvd NE # 405, Atlanta, GA, 30312",Atlanta,GA,30312,2804.0,3.55,FHA,361203.0,1774.0,465000.0,103796.0,503.0,248.0,0.0,3.0,3.0,1444.0,278.0,26.0
https://www.withroam.com/listing/1018-KATHERWOOD-DR-SW-ATLANTA-GA-30310/411367,"1018 Katherwood Dr SW, Atlanta, GA, 30310",Atlanta,GA,30310,1952.0,2.9,FHA,249225.0,1185.0,349900.0,100674.0,379.0,186.0,0.0,3.0,2.0,1416.0,201.0,
https://www.withroam.com/listing/1930-CUMMINGS-DR-SW-ATLANTA-GA-30311/411621,"1930 Cummings Dr SW, Atlanta, GA, 30311",Atlanta,GA,30311,1854.0,3.6,FHA,225078.0,1186.0,299000.0,73921.0,323.0,159.0,0.0,3.0,1.5,1469.0,184.0,
https://www.withroam.com/listing/145-HOLLY-RD-NW-ATLANTA-GA-30314/129967,"145 Holly Rd NW, Atlanta, GA, 30314",Atlanta,GA,30314,1384.0,2.9,FHA,176176.0,837.0,250000.0,73823.0,270.0,133.0,0.0,3.0,2.0,1102.0,142.0,
https://www.withroam.com/listing/538-WABASH-AVE-NE-ATLANTA-GA-30312/377154,"538 Wabash Ave NE, Atlanta, GA, 30312",Atlanta,GA,30312,3278.0,3.43,FHA,371223.0,2103.0,520000.0,148776.0,563.0,277.0,0.0,3.0,1.5,1305.0,334.0,
https://www.withroam.com/listing/361-17TH-ST-NW-UNIT-1121-1121-ATLANTA-GA-30363/190854,"361 17th St NW # 1121, Atlanta, GA, 30363",Atlanta,GA,30363,1711.0,3.0,VA,197135.0,905.0,225000.0,27865.0,243.0,120.0,443.0,1.0,1.0,695.0,,
https://www.withroam.com/listing/285-CENTENNIAL-OLYMPIC-PARK-DR-NW-%23-203-203-ATLANTA-GA-30313/405916,"285 Centennial Olympic Park Dr NW # 203, Atlanta, GA, 30313",Atlanta,GA,30313,2228.0,5.09,VA,218107.0,1258.0,245000.0,26892.0,265.0,130.0,574.0,1.0,1.0,899.0,,
https://www.withroam.com/listing/971-ESTES-DR-SW-ATLANTA-GA-30310/245991,"971 Estes Dr SW, Atlanta, GA, 30310",Atlanta,GA,30310,1491.0,3.11,FHA,177814.0,835.0,196713.0,18898.0,213.0,104.0,200.0,1.0,1.0,640.0,138.0,
https://www.withroam.com/listing/2260-CARVER-DR-NW-ATLANTA-GA-30314/420872,"2260 Carver Dr NW, Atlanta, GA, 30314",Atlanta,GA,30314,1466.0,2.8,FHA,177944.0,837.0,300000.0,122055.0,325.0,160.0,0.0,4.0,2.5,1496.0,144.0,
https://www.withroam.com/listing/950-W-PEACHTREE-ST-NW-UNIT-1102-1102-ATLANTA-GA-30309/318955,"950 W Peachtree St NW # 1102, Atlanta, GA, 30309",Atlanta,GA,30309,1725.0,2.625,VA,261203.0,1208.0,320000.0,58796.0,346.0,170.0,0.0,1.0,1.0,812.0,,
https://www.withroam.com/listing/2133-CASCADE-RD-SW-ATLANTA-GA-30311/414697,"2133 Cascade Rd SW, Atlanta, GA, 30311",Atlanta,GA,30311,2469.0,3.05,FHA,314968.0,1479.0,460000.0,145031.0,498.0,245.0,0.0,4.0,2.0,1722.0,246.0,
https://www.withroam.com/listing/1690-WARE-AVE-ATLANTA-GA-30344/387199,"1690 Ware Ave, Atlanta, GA, 30344",Atlanta,GA,30344,2317.0,2.9,FHA,282080.0,1344.0,459995.0,177914.0,498.0,245.0,0.0,4.0,3.0,2216.0,228.0,
https://www.withroam.com/listing/285-CENTENNIAL-OLYMPIC-PARK-DR-NW-UNIT-1905-1905-ATLANTA-GA-30313/281569,"285 Centennial Olympic Park Dr NW # 1905, Atlanta, GA, 30313",Atlanta,GA,30313,2571.0,2.875,VA,392461.0,1835.0,455000.0,62538.0,492.0,242.0,0.0,2.0,2.0,1362.0,,25.0
https://www.withroam.com/listing/878-PEACHTREE-ST-NE-APT-431-431-ATLANTA-GA-30309/58483,"878 Peachtree St NE Apt 431 # 431, Atlanta, GA, 30309",Atlanta,GA,30309,1670.0,2.87,FHA,219533.0,1012.0,300000.0,80466.0,325.0,160.0,0.0,1.0,1.0,956.0,172.0,
https://www.withroam.com/listing/2240-STEPHEN-LONG-DR-NE-ATLANTA-GA-30305/417894,"2240 Stephen Long Dr NE, Atlanta, GA, 30305",Atlanta,GA,30305,3669.0,2.7,FHA,480956.0,2181.0,685000.0,204043.0,742.0,365.0,0.0,4.0,2.0,1632.0,380.0,
https://www.withroam.com/listing/964-DEKALB-AVE-NE-106-ATLANTA-GA-30307/412784,"964 Dekalb Ave NE # 106, Atlanta, GA, 30307",Atlanta,GA,30307,2148.0,3.12,FHA,280384.0,1324.0,350000.0,69615.0,379.0,186.0,39.0,1.0,1.5,905.0,219.0,
https://www.withroam.com/listing/400-W-WEST-PEACHTREE-ST-NW-1215-ATLANTA-GA-30308/401088,"400 W West Peachtree St NW # 1215, Atlanta, GA, 30308",Atlanta,GA,30308,2058.0,2.8,FHA,215085.0,986.0,299999.0,84913.0,325.0,160.0,417.0,1.0,1.0,729.0,170.0,
https://www.withroam.com/listing/44-PEACHTREE-PL-1225-ATLANTA-GA-30309/204580,"44 Peachtree Pl # 1225, Atlanta, GA, 30309",Atlanta,GA,30309,1993.0,3.375,VA,301546.0,1458.0,310000.0,8453.0,335.0,165.0,33.0,1.0,1.0,866.0,,
https://www.withroam.com/listing/768-ANTONE-ST-NW-ATLANTA-GA-30318/420031,"768 Antone St NW, Atlanta, GA, 30318",Atlanta,GA,30318,2311.0,2.91,FHA,299131.0,1424.0,399000.0,99868.0,432.0,212.0,0.0,2.0,1.0,790.0,242.0,
https://www.withroam.com/listing/2183-PANSY-ST-NW-ATLANTA-GA-30314/195131,"2183 Pansy St NW, Atlanta, GA, 30314",Atlanta,GA,30314,1453.0,2.6,FHA,193564.0,884.0,255000.0,61435.0,276.0,136.0,0.0,3.0,2.0,1326.0,156.0,
https://www.withroam.com/listing/1170-MOTON-AVE-SW-ATLANTA-GA-30315/298410,"1170 Moton Ave SW, Atlanta, GA, 30315",Atlanta,GA,30315,3299.0,4.72,VA,440724.0,2450.0,525000.0,84275.0,568.0,280.0,0.0,3.0,3.0,1680.0,,
https://www.withroam.com/listing/1250-LAVISTA-CIR-NE-ATLANTA-GA-30324/408063,"1250 Lavista Cir NE, Atlanta, GA, 30324",Atlanta,GA,30324,2877.0,2.88,FHA,312212.0,1485.0,525000.0,212787.0,568.0,280.0,290.0,3.0,3.5,2300.0,253.0,
https://www.withroam.com/listing/800-PEACHTREE-ST-NE-APT-8214-8214-ATLANTA-GA-30308/402024,"800 Peachtree St NE Apt 8214 # 8214, Atlanta, GA, 30308",Atlanta,GA,30308,1959.0,2.7,FHA,191772.0,888.0,265000.0,73227.0,287.0,141.0,488.0,1.0,1.0,852.0,155.0,
https://www.withroam.com/listing/400-W-WEST-PEACHTREE-ST-NW-2713-ATLANTA-GA-30308/290094,"400 W West Peachtree St NW # 2713, Atlanta, GA, 30308",Atlanta,GA,30308,2309.0,2.8,FHA,309481.0,1452.0,375000.0,65518.0,406.0,200.0,0.0,2.0,2.0,1127.0,250.0,
https://www.withroam.com/listing/955-JUNIPER-ST-NE-UNIT-2316-2316-ATLANTA-GA-30309/384126,"955 Juniper St NE # 2316, Atlanta, GA, 30309",Atlanta,GA,30309,2398.0,3.85,VA,234959.0,1340.0,299900.0,64940.0,324.0,159.0,573.0,2.0,1.0,1027.0,,
https://www.withroam.com/listing/1770-ROCKLAND-DR-SE-ATLANTA-GA-30316/197223,"1770 Rockland Dr SE, Atlanta, GA, 30316",Atlanta,GA,30316,3167.0,5.1,VA,423097.0,2443.0,450000.0,26902.0,483.0,240.0,0.0,4.0,2.0,1616.0,,
https://www.withroam.com/listing/1584-ROCK-DAM-DR-SE-ATLANTA-GA-30317/397432,"1584 Rock Dam Dr SE, Atlanta, GA, 30317",Atlanta,GA,30317,3392.0,3.5,VA,422690.0,2186.0,579000.0,156309.0,622.0,308.0,275.0,4.0,3.5,2359.0,,
https://www.withroam.com/listing/821-RALPH-MCGILL-BLVD-NE-APT-2405-2405-ATLANTA-GA-30306/318953,"821 Ralph Mcgill Blvd NE Apt 2405 # 2405, Atlanta, GA, 30306",Atlanta,GA,30306,2043.0,4.75,FHA,248582.0,1386.0,289900.0,41317.0,314.0,154.0,0.0,1.0,1.0,1300.0,188.0,
https://www.withroam.com/listing/1280-W-PEACHTREE-ST-NW-APT-3014-3014-ATLANTA-GA-30309/321999,"1280 W Peachtree St NW Apt 3014 # 3014, Atlanta, GA, 30309",Atlanta,GA,30309,1365.0,3.56,FHA,134939.0,666.0,170000.0,35060.0,184.0,90.0,320.0,1.0,1.0,457.0,104.0,
https://www.withroam.com/listing/2802-PALM-DR-ATLANTA-GA-30344/202021,"2802 Palm Dr, Atlanta, GA, 30344",Atlanta,GA,30344,1673.0,2.9,FHA,226441.0,1057.0,270000.0,43558.0,292.0,144.0,0.0,3.0,3.0,1632.0,179.0,
https://www.withroam.com/listing/766-COOPER-ST-SW-ATLANTA-GA-30315/367384,"766 Cooper St SW, Atlanta, GA, 30315",Atlanta,GA,30315,2799.0,3.1,FHA,341927.0,1672.0,524900.0,182972.0,568.0,279.0,0.0,4.0,3.0,2128.0,277.0,
https://www.withroam.com/listing/840-UNITED-AVE-SE-UNIT-214-214-ATLANTA-GA-30312/383814,"840 United Ave SE # 214, Atlanta, GA, 30312",Atlanta,GA,30312,1373.0,3.0,FHA,182203.0,877.0,215000.0,32796.0,232.0,114.0,0.0,1.0,1.0,732.0,147.0,
https://www.withroam.com/listing/266-WADLEY-ST-NW-ATLANTA-GA-30314/393275,"266 Wadley St NW, Atlanta, GA, 30314",Atlanta,GA,30314,2063.0,3.76,VA,304343.0,1530.0,329999.0,25655.0,357.0,176.0,0.0,3.0,2.0,1274.0,,26.0
https://www.withroam.com/listing/424-LINDBERGH-DR-NE-208-ATLANTA-GA-30305/345329,"424 Lindbergh Dr NE # 208, Atlanta, GA, 30305",Atlanta,GA,30305,2960.0,5.375,VA,311609.0,1847.0,349000.0,37390.0,378.0,186.0,548.0,2.0,2.0,1350.0,,
https://www.withroam.com/listing/384-RALPH-MCGILL-BLVD-NE-UNIT-322-322-ATLANTA-GA-30312/403932,"384 Ralph Mcgill Blvd NE # 322, Atlanta, GA, 30312",Atlanta,GA,30312,1292.0,3.0,FHA,146878.0,693.0,275000.0,128121.0,297.0,146.0,38.0,1.0,1.0,745.0,116.0,
https://www.withroam.com/listing/25-BROMACK-DR-SE-ATLANTA-GA-30315/366588,"25 Bromack Dr SE, Atlanta, GA, 30315",Atlanta,GA,30315,1190.0,2.88,FHA,149996.0,692.0,235000.0,85003.0,254.0,125.0,0.0,3.0,1.0,1089.0,118.0,
https://www.withroam.com/listing/57-FORSYTH-ST-NW-APT-3A-3A-ATLANTA-GA-30303/365273,"57 Forsyth St NW Apt 3a # 3A, Atlanta, GA, 30303",Atlanta,GA,30303,1949.0,3.01,FHA,163677.0,766.0,219000.0,55322.0,237.0,116.0,700.0,1.0,1.5,1008.0,128.0,
https://www.withroam.com/listing/704-ROCHELLE-DR-SW-ATLANTA-GA-30310/408060,"704 Rochelle Dr SW, Atlanta, GA, 30310",Atlanta,GA,30310,2209.0,3.5,VA,281229.0,1457.0,465000.0,183770.0,503.0,248.0,0.0,3.0,3.5,2000.0,,
https://www.withroam.com/listing/400-W-WEST-PEACHTREE-ST-NW-3214-ATLANTA-GA-30308/362269,"400 W West Peachtree St NW # 3214, Atlanta, GA, 30308",Atlanta,GA,30308,1655.0,4.12,FHA,178002.0,1043.0,269900.0,91897.0,292.0,143.0,22.0,1.0,1.0,743.0,152.0,
https://www.withroam.com/listing/1608-CARROLL-DR-NW-ATLANTA-GA-30318/193645,"1608 Carroll Dr NW, Atlanta, GA, 30318",Atlanta,GA,30318,2437.0,2.8,FHA,324075.0,1486.0,429995.0,105919.0,465.0,229.0,0.0,2.0,2.0,1071.0,256.0,
https://www.withroam.com/listing/120-RALPH-MCGILL-BLVD-NE-APT-202-202-ATLANTA-GA-30308/391978,"120 Ralph Mcgill Blvd NE Apt 202 # 202, Atlanta, GA, 30308",Atlanta,GA,30308,1259.0,3.25,FHA,91014.0,510.0,175000.0,83985.0,189.0,93.0,383.0,1.0,1.0,772.0,83.0,
https://www.withroam.com/listing/2931-DIANA-DR-SW-ATLANTA-GA-30315/383244,"2931 Diana Dr SW, Atlanta, GA, 30315",Atlanta,GA,30315,1467.0,3.55,FHA,193386.0,953.0,225000.0,31613.0,243.0,120.0,0.0,3.0,1.5,1000.0,149.0,
https://www.withroam.com/listing/57-FORSYTH-ST-NW-APT-4D-4D-ATLANTA-GA-30303/179102,"57 Forsyth St NW Apt 4d # 4D, Atlanta, GA, 30303",Atlanta,GA,30303,1078.0,3.7,FHA,123064.0,656.0,198500.0,75435.0,215.0,105.0,0.0,1.0,1.5,868.0,101.0,
https://www.withroam.com/listing/124-FAIRFIELD-PL-NW-ATLANTA-GA-30314/294997,"124 Fairfield Pl NW, Atlanta, GA, 30314",Atlanta,GA,30314,1939.0,3.11,FHA,263098.0,1238.0,307000.0,43901.0,332.0,163.0,0.0,3.0,2.0,1238.0,205.0,
https://www.withroam.com/listing/950-W-PEACHTREE-ST-NW-UNIT-610-610-ATLANTA-GA-30309/383268,"950 W Peachtree St NW # 610, Atlanta, GA, 30309",Atlanta,GA,30309,2413.0,4.25,FHA,218014.0,1302.0,309900.0,91885.0,335.0,165.0,422.0,1.0,1.0,866.0,187.0,
https://www.withroam.com/listing/1097-FORTRESS-AVE-SW-ATLANTA-GA-30315/356605,"1097 Fortress Ave SW, Atlanta, GA, 30315",Atlanta,GA,30315,1432.0,2.9,FHA,178875.0,854.0,267500.0,88624.0,289.0,142.0,0.0,2.0,2.0,1293.0,145.0,
https://www.withroam.com/listing/115-W-WEST-PEACHTREE-PL-NW-413-ATLANTA-GA-30313/384377,"115 W West Peachtree Pl NW # 413, Atlanta, GA, 30313",Atlanta,GA,30313,1677.0,2.875,VA,168534.0,788.0,210000.0,41465.0,227.0,112.0,550.0,1.0,1.0,958.0,,25.0
https://www.withroam.com/listing/57-FORSYTH-ST-NW-%23-16-16-ATLANTA-GA-30303/287446,"57 Forsyth St NW # 16, Atlanta, GA, 30303",Atlanta,GA,30303,2573.0,4.67,VA,256931.0,1421.0,280000.0,23068.0,303.0,149.0,700.0,1.0,1.5,998.0,,
https://www.withroam.com/listing/890-MEMORIAL-DR-SE-UNIT-108-108-ATLANTA-GA-30316/367390,"890 Memorial Dr SE # 108, Atlanta, GA, 30316",Atlanta,GA,30316,2643.0,3.5,VA,290097.0,1514.0,429850.0,139752.0,465.0,229.0,435.0,2.0,2.0,1196.0,,
https://www.withroam.com/listing/1300-SWEETBRIAR-CIR-ATLANTA-GA-30344/391614,"1300 Sweetbriar Cir, Atlanta, GA, 30344",Atlanta,GA,30344,1943.0,2.8,FHA,233890.0,1075.0,359900.0,126009.0,389.0,191.0,101.0,4.0,2.5,2090.0,185.0,
https://www.withroam.com/listing/1280-W-PEACHTREE-ST-NW-APT-1402-1402-ATLANTA-GA-30309/288112,"1280 W Peachtree St NW Apt 1402 # 1402, Atlanta, GA, 30309",Atlanta,GA,30309,1427.0,2.875,VA,133053.0,622.0,251000.0,117946.0,271.0,133.0,399.0,1.0,1.0,625.0,,25.0
https://www.withroam.com/listing/975-WELCH-ST-SW-ATLANTA-GA-30310/20309,"975 Welch St SW, Atlanta, GA, 30310",Atlanta,GA,30310,2786.0,3.09,FHA,377314.0,1779.0,440000.0,62685.0,476.0,234.0,0.0,3.0,3.0,2070.0,295.0,
https://www.withroam.com/listing/602-W-LAKE-AVE-NW-ATLANTA-GA-30318/197200,"602 W Lake Ave NW, Atlanta, GA, 30318",Atlanta,GA,30318,1236.0,3.47,FHA,159185.0,817.0,179500.0,20314.0,194.0,95.0,0.0,2.0,2.0,1675.0,129.0,
https://www.withroam.com/listing/1677-NEELY-AVE-ATLANTA-GA-30344/389549,"1677 Neely Ave, Atlanta, GA, 30344",Atlanta,GA,30344,1617.0,2.7,FHA,209788.0,964.0,299900.0,90111.0,324.0,159.0,0.0,3.0,2.0,1472.0,168.0,
https://www.withroam.com/listing/1150-COLLIER-RD-NW-APT-F8-F8-ATLANTA-GA-30318/394814,"1150 Collier Rd NW Apt F8 # F8, Atlanta, GA, 30318",Atlanta,GA,30318,1280.0,4.5,FHA,80274.0,553.0,175000.0,94725.0,189.0,93.0,367.0,1.0,1.0,775.0,77.0,
https://www.withroam.com/listing/1787-RIDGEWAY-AVE-NW-ATLANTA-GA-30318/404729,"1787 Ridgeway Ave NW, Atlanta, GA, 30318",Atlanta,GA,30318,1899.0,3.25,FHA,96986.0,661.0,699000.0,602013.0,757.0,372.0,0.0,4.0,3.0,2088.0,107.0,
https://www.withroam.com/listing/2230-CHESHIRE-BRIDGE-RD-NE-UNIT-403-403-ATLANTA-GA-30324/155021,"2230 Cheshire Bridge Rd NE # 403, Atlanta, GA, 30324",Atlanta,GA,30324,1790.0,4.19,FHA,127490.0,765.0,294000.0,166509.0,318.0,156.0,439.0,2.0,2.0,1018.0,110.0,
https://www.withroam.com/listing/1445-MONROE-DR-NE-APT-E5-E5-ATLANTA-GA-30324/372550,"1445 Monroe Dr NE Apt E5 # E5, Atlanta, GA, 30324",Atlanta,GA,30324,1437.0,4.25,FHA,122620.0,727.0,225000.0,102379.0,243.0,120.0,241.0,1.0,1.0,720.0,104.0,
https://www.withroam.com/listing/898-OAK-ST-SW-%23-U-3422-U-3422-ATLANTA-GA-30310/411626,"898 Oak St SW # U-3422, Atlanta, GA, 30310",Atlanta,GA,30310,572.0,4.75,FHA,40595.0,319.0,129900.0,89304.0,140.0,69.0,0.0,1.0,1.0,696.0,43.0,
https://www.withroam.com/listing/923-SAINT-CHARLES-AVE-NE-ATLANTA-GA-30306/389053,"923 Saint Charles Ave NE, Atlanta, GA, 30306",Atlanta,GA,30306,5659.0,2.75,VA,689970.0,3153.0,1550000.0,860029.0,1679.0,826.0,0.0,4.0,2.5,3654.0,,
https://www.withroam.com/listing/1112-HARWELL-ST-NW-ATLANTA-GA-30314/403934,"1112 Harwell St NW, Atlanta, GA, 30314",Atlanta,GA,30314,2033.0,4.83,FHA,209141.0,1266.0,369000.0,159858.0,399.0,196.0,0.0,3.0,2.0,1796.0,170.0,
https://www.withroam.com/listing/282-WILLIS-MILL-RD-SW-ATLANTA-GA-30311/404728,"282 Willis Mill Rd SW, Atlanta, GA, 30311",Atlanta,GA,30311,1341.0,4.75,FHA,123569.0,753.0,300000.0,176430.0,325.0,160.0,0.0,3.0,1.5,1406.0,102.0,
https://www.withroam.com/listing/878-FALCON-DR-SW-ATLANTA-GA-30311/417904,"878 Falcon Dr SW, Atlanta, GA, 30311",Atlanta,GA,30311,1319.0,3.37,FHA,99101.0,650.0,349000.0,249898.0,378.0,186.0,0.0,3.0,2.5,2357.0,104.0,
https://www.withroam.com/listing/197-MATHEWSON-PL-SW-ATLANTA-GA-30314/361489,"197 Mathewson Pl SW, Atlanta, GA, 30314",Atlanta,GA,30314,1690.0,5.0,FHA,135840.0,1185.0,215000.0,79159.0,232.0,114.0,0.0,3.0,2.0,1416.0,156.0,13.0
https://www.withroam.com/listing/1445-MONROE-DR-NE-APT-F15-F15-ATLANTA-GA-30324/20301,"1445 Monroe Dr NE Apt F15 # F15, Atlanta, GA, 30324",Atlanta,GA,30324,2003.0,3.88,FHA,165488.0,997.0,310000.0,144511.0,335.0,165.0,354.0,2.0,2.0,1060.0,150.0,
https://www.withroam.com/listing/1247-LUCILE-AVE-SW-ATLANTA-GA-30310/324177,"1247 Lucile Ave SW, Atlanta, GA, 30310",Atlanta,GA,30310,4021.0,5.22,FHA,445125.0,2590.0,678500.0,233374.0,735.0,361.0,0.0,6.0,4.0,3143.0,333.0,
https://www.withroam.com/listing/163-WALTHALL-ST-SE-UNIT-B-ATLANTA-GA-30316/381172,"163 Walthall St SE # UNIT B, Atlanta, GA, 30316",Atlanta,GA,30316,5000.0,2.5,FHA,304195.0,3000.0,1075000.0,770804.0,1164.0,573.0,0.0,4.0,3.5,2496.0,262.0,
https://www.withroam.com/listing/976-CONNALLY-ST-SE-ATLANTA-GA-30315/323457,"976 Connally St SE, Atlanta, GA, 30315",Atlanta,GA,30315,2879.0,3.5,FHA,274507.0,1565.0,660000.0,385492.0,715.0,352.0,0.0,6.0,5.0,3706.0,246.0,
https://www.withroam.com/listing/2857-DIANA-DR-SW-ATLANTA-GA-30315/418848,"2857 Diana Dr SW, Atlanta, GA, 30315",Atlanta,GA,30315,1331.0,4.37,FHA,133754.0,791.0,265000.0,131245.0,287.0,141.0,0.0,3.0,2.0,1631.0,112.0,
https://www.withroam.com/listing/258-SUNSET-AVE-NW-ATLANTA-GA-30314/147990,"258 Sunset Ave NW, Atlanta, GA, 30314",Atlanta,GA,30314,3303.0,4.6,FHA,314630.0,1872.0,725000.0,410369.0,785.0,386.0,0.0,5.0,4.0,5614.0,258.0,
https://www.withroam.com/listing/130-ARIZONA-AVE-NE-UNIT-407-407-ATLANTA-GA-30307/305317,"130 Arizona Ave NE # 407, Atlanta, GA, 30307",Atlanta,GA,30307,3036.0,3.56,FHA,231155.0,1511.0,515000.0,283844.0,553.0,274.0,459.0,3.0,2.0,1508.0,236.0,17.0
https://www.withroam.com/listing/1688-RICHLAND-RD-SW-ATLANTA-GA-30311/140264,"1688 Richland Rd SW, Atlanta, GA, 30311",Atlanta,GA,30311,2903.0,4.375,FHA,303298.0,1799.0,525000.0,221701.0,568.0,280.0,0.0,5.0,4.0,3000.0,255.0,
https://www.withroam.com/listing/130-ARIZONA-AVE-NE-UNIT-305-305-ATLANTA-GA-30307/409375,"130 Arizona Ave NE # 305, Atlanta, GA, 30307",Atlanta,GA,30307,2105.0,5.25,FHA,117675.0,1024.0,340000.0,222324.0,365.0,181.0,403.0,1.0,1.5,879.0,131.0,
https://www.withroam.com/listing/970-SIDNEY-MARCUS-BLVD-NE-UNIT-2319-2319-ATLANTA-GA-30324/413529,"970 Sidney Marcus Blvd NE # 2319, Atlanta, GA, 30324",Atlanta,GA,30324,1715.0,5.125,FHA,148476.0,922.0,200000.0,51523.0,216.0,106.0,350.0,1.0,1.0,840.0,119.0,
https://www.withroam.com/listing/1788-CAMPBELLTON-RD-SW-ATLANTA-GA-30311/289360,"1788 Campbellton Rd SW, Atlanta, GA, 30311",Atlanta,GA,30311,1254.0,4.4,FHA,128562.0,738.0,255000.0,126437.0,276.0,136.0,0.0,3.0,1.0,1072.0,104.0,
https://www.withroam.com/listing/878-PEACHTREE-ST-NE-APT-432-432-ATLANTA-GA-30309/362878,"878 Peachtree St NE Apt 432 # 432, Atlanta, GA, 30309",Atlanta,GA,30309,1692.0,3.87,FHA,111146.0,715.0,275000.0,163853.0,297.0,146.0,425.0,1.0,1.0,956.0,107.0,18.0
https://www.withroam.com/listing/115-W-WEST-PEACHTREE-PL-NW-709-ATLANTA-GA-30313/179252,"115 W West Peachtree Pl NW # 709, Atlanta, GA, 30313",Atlanta,GA,30313,1523.0,3.75,FHA,114322.0,681.0,199500.0,85177.0,216.0,106.0,415.0,1.0,1.0,889.0,104.0,
https://www.withroam.com/listing/1150-COLLIER-RD-NW-H6-ATLANTA-GA-30318/335879,"1150 Collier Rd NW # H6, Atlanta, GA, 30318",Atlanta,GA,30318,1345.0,4.75,FHA,107999.0,650.0,165000.0,57000.0,178.0,88.0,340.0,1.0,1.0,775.0,88.0,
https://www.withroam.com/listing/126-MORELAND-AVE-SE-ATLANTA-GA-30316/415781,"126 Moreland Ave SE, Atlanta, GA, 30316",Atlanta,GA,30316,5094.0,3.25,VA,608054.0,3043.0,1275000.0,666945.0,1370.0,680.0,0.0,4.0,4.0,2752.0,,24.0
https://www.withroam.com/listing/1616-BRIARCLIFF-RD-NE-APT-5-5-ATLANTA-GA-30306/416095,"1616 Briarcliff Rd NE Apt 5 # 5, Atlanta, GA, 30306",Atlanta,GA,30306,1661.0,4.75,FHA,88129.0,710.0,262900.0,174770.0,282.0,140.0,432.0,2.0,1.5,1064.0,96.0,
https://www.withroam.com/listing/64-CHAUMONT-SQ-NW-ATLANTA-GA-30327/395428,"64 Chaumont Sq NW, Atlanta, GA, 30327",Atlanta,GA,30327,1122.0,4.46,VA,81342.0,484.0,123900.0,42557.0,134.0,66.0,438.0,1.0,1.0,414.0,,22.0
https://www.withroam.com/listing/32-PEACHTREE-ST-NW-APT-1307-1307-ATLANTA-GA-30303/413526,"32 Peachtree St NW Apt 1307 # 1307, Atlanta, GA, 30303",Atlanta,GA,30303,2293.0,4.75,FHA,120787.0,946.0,174900.0,54112.0,189.0,93.0,935.0,2.0,2.0,1032.0,128.0,
https://www.withroam.com/listing/1739-DREW-DR-NW-ATLANTA-GA-30318/359260,"1739 Drew Dr NW, Atlanta, GA, 30318",Atlanta,GA,30318,1828.0,3.75,FHA,109428.0,753.0,516500.0,407071.0,559.0,275.0,125.0,3.0,2.5,1796.0,115.0,
https://www.withroam.com/listing/898-OAK-ST-1414-ROSWELL-GA-30075/404363,"898 Oak St # 1414, Roswell, GA, 30075",Roswell,GA,30075,418.0,3.88,FHA,31814.0,196.0,119000.0,87185.0,128.0,63.0,0.0,1.0,1.0,777.0,29.0,
https://www.withroam.com/listing/1150-COLLIER-RD-NW-APT-F12-F12-ATLANTA-GA-30318/282532,"1150 Collier Rd NW Apt F12 # F12, Atlanta, GA, 30318",Atlanta,GA,30318,1139.0,4.38,FHA,35676.0,278.0,215000.0,179323.0,232.0,114.0,474.0,2.0,2.0,1073.0,39.0,
https://www.withroam.com/listing/898-OAK-ST-SW-UNIT-3227-3227-ATLANTA-GA-30310/388238,"898 Oak St SW # 3227, Atlanta, GA, 30310",Atlanta,GA,30310,1491.0,4.09,FHA,50181.0,364.0,199990.0,149808.0,216.0,106.0,750.0,2.0,2.0,1019.0,53.0,
https://www.withroam.com/listing/4-MAYSON-AVE-NE-ATLANTA-GA-30317/404328,"4 Mayson Ave NE, Atlanta, GA, 30317",Atlanta,GA,30317,2174.0,5.0,FHA,109137.0,961.0,675000.0,565862.0,725.0,360.0,0.0,4.0,3.0,1758.0,126.0,
https://www.withroam.com/listing/565-PEACHTREE-ST-NE-UNIT-1811-1811-ATLANTA-GA-30308/383255,"565 Peachtree St NE # 1811, Atlanta, GA, 30308",Atlanta,GA,30308,2535.0,4.93,FHA,143549.0,1189.0,399900.0,256350.0,433.0,213.0,541.0,2.0,2.0,1135.0,158.0,
https://www.withroam.com/listing/898-OAK-ST-SW-1307-ATLANTA-GA-30310/389043,"898 Oak St SW # 1307, Atlanta, GA, 30310",Atlanta,GA,30310,1151.0,4.88,FHA,40096.0,327.0,159900.0,119803.0,173.0,85.0,522.0,1.0,1.0,679.0,43.0,
https://www.withroam.com/listing/3060-PHARR-COURT-NORTH-NW-APT-313-313-ATLANTA-GA-30305/178781,"3060 Pharr Court North NW Apt 313 # 313, Atlanta, GA, 30305",Atlanta,GA,30305,1394.0,2.87,FHA,98926.0,468.0,149000.0,50073.0,161.0,79.0,605.0,2.0,1.0,889.0,80.0,
https://www.withroam.com/listing/1682-ABNER-CT-NW-ATLANTA-GA-30318/313115,"1682 Abner Ct NW, Atlanta, GA, 30318",Atlanta,GA,30318,1208.0,3.1,FHA,150971.0,738.0,214900.0,63928.0,232.0,114.0,0.0,4.0,2.0,1032.0,122.0,
https://www.withroam.com/listing/3040-PEACHTREE-RD-NW-UNIT-1514-1514-ATLANTA-GA-30305/413473,"3040 Peachtree Rd NW # 1514, Atlanta, GA, 30305",Atlanta,GA,30305,2205.0,2.75,VA,268548.0,1224.0,315000.0,46451.0,341.0,168.0,472.0,1.0,1.0,800.0,,
https://www.withroam.com/listing/2318-TOWNEHEIGHTS-TER-SE-%23-11-11-ATLANTA-GA-30339/384953,"2318 Towneheights Ter SE # 11, Atlanta, GA, 30339",Atlanta,GA,30339,2010.0,3.62,FHA,217478.0,1141.0,359900.0,142421.0,329.0,191.0,170.0,4.0,3.5,2456.0,177.0,
https://www.withroam.com/listing/1660-GILSTRAP-LN-NW-ATLANTA-GA-30318/298445,"1660 Gilstrap Ln NW, Atlanta, GA, 30318",Atlanta,GA,30318,2209.0,2.5,VA,250225.0,1133.0,530000.0,279774.0,574.0,282.0,218.0,3.0,3.5,2228.0,,
https://www.withroam.com/listing/2870-PHARR-COURT-SOUTH-NW-APT-2006-2006-ATLANTA-GA-30305/198344,"2870 Pharr Court South NW Apt 2006 # 2006, Atlanta, GA, 30305",Atlanta,GA,30305,2496.0,2.875,VA,252291.0,1172.0,290000.0,37708.0,314.0,154.0,856.0,2.0,2.0,1228.0,,
https://www.withroam.com/listing/3908-DANUBE-LN-ATLANTA-GA-30339/296406,"3908 Danube Ln, Atlanta, GA, 30339",Atlanta,GA,30339,3502.0,2.75,VA,498633.0,2289.0,639900.0,141266.0,586.0,341.0,285.0,3.0,3.5,4716.0,,
https://www.withroam.com/listing/4957-WARMSTONE-WAY-SE-%23-15-15-ATLANTA-GA-30339/363830,"4957 Warmstone Way SE # 15, Atlanta, GA, 30339",Atlanta,GA,30339,2637.0,3.0,FHA,292405.0,1374.0,449900.0,157494.0,412.0,239.0,380.0,4.0,3.5,2346.0,230.0,
https://www.withroam.com/listing/2359-TOWNEVIEW-CT-SE-%23-8-8-ATLANTA-GA-30339/407893,"2359 Towneview Ct SE # 8, Atlanta, GA, 30339",Atlanta,GA,30339,2173.0,2.7,FHA,266224.0,1224.0,390000.0,123775.0,357.0,208.0,170.0,3.0,3.5,1963.0,213.0,
https://www.withroam.com/listing/3507-HIGHGROVE-WAY-NE-BROOKHAVEN-GA-30319/418394,"3507 Highgrove Way NE, Brookhaven, GA, 30319",Brookhaven,GA,30319,6293.0,3.59,FHA,670684.0,3909.0,931000.0,260315.0,1000.0,496.0,133.0,5.0,3.5,3409.0,753.0,
https://www.withroam.com/listing/4471-DANDELION-LN-ATLANTA-GA-30342/379968,"4471 Dandelion Ln, Atlanta, GA, 30342",Atlanta,GA,30342,3737.0,4.99,FHA,462014.0,2561.0,499000.0,36985.0,540.0,266.0,150.0,2.0,2.0,1152.0,218.0,
https://www.withroam.com/listing/250-PHARR-RD-NE-APT-205-205-ATLANTA-GA-30305/415294,"250 Pharr Rd NE Apt 205 # 205, Atlanta, GA, 30305",Atlanta,GA,30305,2187.0,2.5,FHA,266498.0,1202.0,445000.0,178501.0,482.0,237.0,50.0,2.0,2.0,1158.0,215.0,
https://www.withroam.com/listing/799-HAMMOND-DR-%23-22-22-ATLANTA-GA-30328/419163,"799 Hammond Dr # 22, Atlanta, GA, 30328",Atlanta,GA,30328,1677.0,3.68,FHA,149023.0,785.0,225000.0,75976.0,243.0,120.0,408.0,1.0,1.0,834.0,121.0,
https://www.withroam.com/listing/2106-PINE-HEIGHTS-DR-NE-ATLANTA-GA-30324/109041,"2106 Pine Heights Dr NE, Atlanta, GA, 30324",Atlanta,GA,30324,1590.0,3.05,FHA,152468.0,726.0,204999.0,52530.0,222.0,109.0,411.0,1.0,1.0,831.0,121.0,25.0
https://www.withroam.com/listing/3040-PEACHTREE-RD-NW-1602-atlanta-ga-30305-2291/360362,"3040 Peachtree Rd NW # 1602, Atlanta, ga, 30305-2291",,,30305,2434.0,4.875,FHA,264228.0,1452.0,295000.0,30772.0,319.0,,468.0,1.0,1.0,770.0,194.0,
https://www.withroam.com/listing/3040-PEACHTREE-RD-NW-UNIT-707-707-ATLANTA-GA-30305/346147,"3040 Peachtree Rd NW # 707, Atlanta, GA, 30305",Atlanta,GA,30305,2196.0,3.09,FHA,229540.0,1080.0,289950.0,60409.0,314.0,154.0,468.0,1.0,1.0,800.0,179.0,
https://www.withroam.com/listing/3475-OAK-VALLEY-RD-NE-APT-120-120-ATLANTA-GA-30326/390714,"3475 Oak Valley Rd NE Apt 120 # 120, Atlanta, GA, 30326",Atlanta,GA,30326,4181.0,2.99,FHA,354306.0,1652.0,650000.0,295693.0,704.0,346.0,1200.0,3.0,2.5,2256.0,278.0,
https://www.withroam.com/listing/799-HAMMOND-DR-%23-2-2-ATLANTA-GA-30328/22458,"799 Hammond Dr # 2, Atlanta, GA, 30328",Atlanta,GA,30328,2279.0,3.18,FHA,221062.0,1090.0,299900.0,78838.0,324.0,159.0,525.0,2.0,2.5,1252.0,179.0,
https://www.withroam.com/listing/1949-SHALIMAR-DR-NE-ATLANTA-GA-30345/417891,"1949 Shalimar Dr NE, Atlanta, GA, 30345",Atlanta,GA,30345,2287.0,4.25,FHA,242193.0,1437.0,399900.0,157706.0,429.0,213.0,0.0,3.0,1.0,2496.0,206.0,
https://www.withroam.com/listing/3040-PEACHTREE-RD-NW-UNIT-702-702-ATLANTA-GA-30305/282325,"3040 Peachtree Rd NW # 702, Atlanta, GA, 30305",Atlanta,GA,30305,2314.0,3.85,FHA,242973.0,1233.0,275000.0,32026.0,297.0,146.0,450.0,1.0,1.0,770.0,186.0,26.0
https://www.withroam.com/listing/250-PHARR-RD-NE-%23-779-779-ATLANTA-GA-30305/187708,"250 Pharr Rd NE # 779, Atlanta, GA, 30305",Atlanta,GA,30305,2154.0,2.8,FHA,241917.0,1109.0,290000.0,48082.0,314.0,154.0,385.0,1.0,1.0,779.0,191.0,
https://www.withroam.com/listing/1970-MAIN-ST-NW-ATLANTA-GA-30318/383756,"1970 Main St NW, Atlanta, GA, 30318",Atlanta,GA,30318,3056.0,2.75,VA,457862.0,2102.0,589900.0,132037.0,639.0,314.0,0.0,3.0,2.5,2244.0,,
https://www.withroam.com/listing/3758-CHATTAHOOCHEE-SUMMIT-DR-SE-%23-21-21-ATLANTA-GA-30339/331985,"3758 Chattahoochee Summit Dr SE # 21, Atlanta, GA, 30339",Atlanta,GA,30339,2589.0,3.75,FHA,256011.0,1364.0,460000.0,203988.0,421.0,245.0,350.0,3.0,2.5,1875.0,208.0,
https://www.withroam.com/listing/1529-GILSTRAP-LN-NW-ATLANTA-GA-30318/391137,"1529 Gilstrap Ln NW, Atlanta, GA, 30318",Atlanta,GA,30318,2589.0,3.81,FHA,211222.0,1393.0,609000.0,397777.0,659.0,324.0,0.0,3.0,2.5,2289.0,211.0,
https://www.withroam.com/listing/1100-LIBERTY-PKWY-NW-403-ATLANTA-GA-30318/314791,"1100 Liberty Pkwy NW # 403, Atlanta, GA, 30318",Atlanta,GA,30318,1823.0,3.88,FHA,118723.0,732.0,320000.0,201276.0,346.0,170.0,463.0,3.0,3.5,1326.0,110.0,
https://www.withroam.com/listing/1951-DRESDEN-DR-NE-BROOKHAVEN-GA-30319/320365,"1951 Dresden Dr NE, Brookhaven, GA, 30319",Brookhaven,GA,30319,1302.0,2.5,VA,127900.0,580.0,449000.0,321099.0,482.0,239.0,0.0,2.0,1.0,1120.0,,
https://www.withroam.com/listing/3777-PEACHTREE-RD-NE-APT-1205-1205-BROOKHAVEN-GA-30319/421445,"3777 Peachtree Rd NE Apt 1205 # 1205, Brookhaven, GA, 30319",Brookhaven,GA,30319,1654.0,4.0,FHA,97247.0,697.0,244900.0,147652.0,263.0,130.0,460.0,1.0,1.0,919.0,103.0,
https://www.withroam.com/listing/3060-PHARR-COURT-NORTH-NW-APT-317-317-ATLANTA-GA-30305/134564,"3060 Pharr Court North NW Apt 317 # 317, Atlanta, GA, 30305",Atlanta,GA,30305,1182.0,4.5,FHA,135800.0,721.0,245000.0,109200.0,265.0,130.0,0.0,2.0,1.0,840.0,65.0,
https://www.withroam.com/listing/3777-PEACHTREE-RD-NE-APT-1108-1108-BROOKHAVEN-GA-30319/374087,"3777 Peachtree Rd NE Apt 1108 # 1108, Brookhaven, GA, 30319",Brookhaven,GA,30319,1677.0,5.0,VA,95983.0,815.0,249900.0,153916.0,268.0,133.0,460.0,1.0,1.0,919.0,,
https://www.withroam.com/listing/1428-LIBERTY-PKWY-NW-ATLANTA-GA-30318/380286,"1428 Liberty Pkwy NW, Atlanta, GA, 30318",Atlanta,GA,30318,2091.0,3.75,FHA,166193.0,964.0,320000.0,153806.0,346.0,170.0,463.0,2.0,2.5,1326.0,147.0,
https://www.withroam.com/listing/311-LAKEMOORE-DR-NE-%23-14-C-14-C-ATLANTA-GA-30342/293943,"311 Lakemoore Dr NE # 14-C, Atlanta, GA, 30342",Atlanta,GA,30342,1424.0,4.25,FHA,76103.0,511.0,235000.0,158896.0,254.0,125.0,460.0,2.0,1.5,1168.0,73.0,
https://www.withroam.com/listing/3685-PEACHTREE-RD-NE-1-ATLANTA-GA-30319/381701,"3685 Peachtree Rd NE # 1, Atlanta, GA, 30319",Atlanta,GA,30319,5372.0,4.99,VA,610552.0,3470.0,945000.0,334447.0,1023.0,504.0,375.0,3.0,4.0,3125.0,,
https://www.withroam.com/listing/3280-STILLHOUSE-LN-SE-UNIT-410-410-ATLANTA-GA-30339/296748,"3280 Stillhouse Ln SE # 410, Atlanta, GA, 30339",Atlanta,GA,30339,4517.0,5.2,VA,402223.0,2278.0,745000.0,342776.0,682.0,397.0,1158.0,3.0,4.0,2515.0,,
https://www.withroam.com/listing/3650-ASHFORD-DUNWOODY-RD-NE-UNIT-214-214-BROOKHAVEN-GA-30319/321202,"3650 Ashford Dunwoody Rd NE # 214, Brookhaven, GA, 30319",Brookhaven,GA,30319,1440.0,4.25,FHA,113152.0,676.0,225000.0,111847.0,241.0,120.0,305.0,1.0,1.0,868.0,97.0,
https://www.withroam.com/listing/1319-WESTCHESTER-RDG-NE-ATLANTA-GA-30329/401104,"1319 Westchester Rdg NE, Atlanta, GA, 30329",Atlanta,GA,30329,1458.0,3.96,FHA,130547.0,756.0,230000.0,99452.0,247.0,122.0,220.0,1.0,1.0,864.0,112.0,
https://www.withroam.com/listing/3201-LENOX-RD-NE-26-ATLANTA-GA-30324/417919,"3201 Lenox Rd NE # 26, Atlanta, GA, 30324",Atlanta,GA,30324,2134.0,4.0,FHA,121423.0,772.0,320000.0,198576.0,346.0,170.0,730.0,2.0,2.0,1249.0,114.0,
https://www.withroam.com/listing/2630-TALLEY-ST-UNIT-1-1-DECATUR-GA-30030/416360,"2630 Talley St # 1, Decatur, GA, 30030",Decatur,GA,30030,1843.0,3.5,VA,191022.0,992.0,310000.0,118977.0,333.0,165.0,353.0,2.0,2.0,1026.0,,
https://www.withroam.com/listing/1038-S-CANDLER-ST-DECATUR-GA-30030/397492,"1038 S Candler St, Decatur, GA, 30030",Decatur,GA,30030,2840.0,3.14,FHA,343850.0,1630.0,585000.0,241149.0,628.0,312.0,0.0,3.0,3.0,1700.0,269.0,
https://www.withroam.com/listing/1926-SECOND-AVE-DECATUR-GA-30032/327081,"1926 Second Ave, Decatur, GA, 30032",Decatur,GA,30032,2284.0,4.5,FHA,283347.0,1542.0,327500.0,44152.0,352.0,174.0,0.0,3.0,2.0,1257.0,215.0,26.0
https://www.withroam.com/listing/2335-BOULDER-RD-SE-ATLANTA-GA-30316/203525,"2335 Boulder Rd SE, Atlanta, GA, 30316",Atlanta,GA,30316,1325.0,2.625,VA,193684.0,883.0,275000.0,81315.0,295.0,146.0,0.0,2.0,2.0,1139.0,,
https://www.withroam.com/listing/12-CANDLER-GROVE-DR-DECATUR-GA-30030/208916,"12 Candler Grove Dr, Decatur, GA, 30030",Decatur,GA,30030,5266.0,4.5,FHA,436837.0,3290.0,790000.0,353162.0,849.0,421.0,245.0,3.0,3.5,3633.0,460.0,
https://www.withroam.com/listing/1170-WALKER-DR-DECATUR-GA-30030/411638,"1170 Walker Dr, Decatur, GA, 30030",Decatur,GA,30030,2254.0,4.94,FHA,145866.0,1230.0,535000.0,389133.0,575.0,285.0,0.0,3.0,2.0,1372.0,163.0,
https://www.withroam.com/listing/2453-MELLVILLE-AVE-DECATUR-GA-30032/319554,"2453 Mellville Ave, Decatur, GA, 30032",Decatur,GA,30032,1691.0,4.75,FHA,173750.0,1059.0,303000.0,129249.0,325.0,161.0,0.0,3.0,2.0,2180.0,143.0,
https://www.withroam.com/listing/232-ADAIR-ST-DECATUR-GA-30030/409702,"232 Adair St, Decatur, GA, 30030",Decatur,GA,30030,2282.0,5.38,FHA,112928.0,994.0,480000.0,367071.0,516.0,256.0,390.0,2.0,2.5,1664.0,125.0,
https://www.withroam.com/listing/2973-GRESHAM-RD-SE-ATLANTA-GA-30316/419411,"2973 Gresham Rd SE, Atlanta, GA, 30316",Atlanta,GA,30316,1572.0,3.375,FHA,188752.0,954.0,289000.0,100247.0,310.0,154.0,0.0,4.0,2.0,1343.0,153.0,
https://www.withroam.com/listing/1609-TANAGER-CIR-DECATUR-GA-30032/363396,"1609 Tanager Cir, Decatur, GA, 30032",Decatur,GA,30032,2125.0,3.75,FHA,284125.0,1432.0,295000.0,10874.0,317.0,157.0,0.0,4.0,2.0,1485.0,219.0,
https://www.withroam.com/listing/3371-MACAIVA-ALY-DECATUR-GA-30032/409374,"3371 Macaiva Aly, Decatur, GA, 30032",Decatur,GA,30032,3965.0,5.25,FHA,477298.0,2710.0,485000.0,7701.0,521.0,258.0,250.0,3.0,3.5,2272.0,224.0,
https://www.withroam.com/listing/3089-DEL-MONICO-DR-DECATUR-GA-30032/346208,"3089 Del Monico Dr, Decatur, GA, 30032",Decatur,GA,30032,1931.0,3.1,FHA,233520.0,1142.0,372500.0,138979.0,400.0,198.0,0.0,3.0,2.0,2415.0,189.0,
https://www.withroam.com/listing/2886-HORSE-SHOE-DR-SE-ATLANTA-GA-30316/392564,"2886 Horse Shoe Dr SE, Atlanta, GA, 30316",Atlanta,GA,30316,1480.0,3.2,FHA,179923.0,891.0,275000.0,95076.0,295.0,146.0,0.0,3.0,2.0,1273.0,146.0,
https://www.withroam.com/listing/3141-BOMAR-FOREST-PL-DECATUR-GA-30033/417158,"3141 Bomar Forest Pl, Decatur, GA, 30033",Decatur,GA,30033,2106.0,5.0,FHA,140108.0,1185.0,475000.0,334891.0,510.0,253.0,0.0,3.0,2.0,1552.0,156.0,
https://www.withroam.com/listing/2363-OAKRIDGE-CT-DECATUR-GA-30032/361083,"2363 Oakridge Ct, Decatur, GA, 30032",Decatur,GA,30032,1863.0,3.75,FHA,193715.0,1100.0,370000.0,176284.0,397.0,197.0,0.0,4.0,3.0,1975.0,168.0,
https://www.withroam.com/listing/712-AVONDALE-HILLS-DR-%23-T9-DECATUR-GA-30032/361496,"712 Avondale Hills Dr # T9, Decatur, GA, 30032",Decatur,GA,30032,2848.0,4.75,FHA,305907.0,1842.0,470000.0,164092.0,505.0,250.0,0.0,4.0,3.5,2360.0,250.0,
https://www.withroam.com/listing/3316-TRENT-CT-DECATUR-GA-30033/406650,"3316 Trent Ct, Decatur, GA, 30033",Decatur,GA,30033,2459.0,3.75,FHA,248426.0,1400.0,525000.0,276573.0,564.0,280.0,0.0,4.0,2.0,2084.0,214.0,
https://www.withroam.com/listing/2603-OLDKNOW-DR-NW-ATLANTA-GA-30318/394783,"2603 Oldknow Dr NW, Atlanta, GA, 30318",Atlanta,GA,30318,1475.0,4.25,FHA,147118.0,830.0,325000.0,177881.0,352.0,173.0,0.0,3.0,2.0,1500.0,119.0,
https://www.withroam.com/listing/130-MOUNT-ZION-RD-SW-ATLANTA-GA-30354/64710,"130 Mount Zion Rd SW, Atlanta, GA, 30354",Atlanta,GA,30354,1437.0,3.09,FHA,199754.0,942.0,209500.0,9745.0,226.0,111.0,0.0,3.0,2.0,1042.0,156.0,
https://www.withroam.com/listing/3484-ORCHARD-ST-ATLANTA-GA-30354/284910,"3484 Orchard St, Atlanta, GA, 30354",Atlanta,GA,30354,2628.0,2.75,VA,350183.0,1586.0,449900.0,99717.0,487.0,239.0,315.0,3.0,3.5,1982.0,,
https://www.withroam.com/listing/3615-HAWTHORNE-TER-ATLANTA-GA-30337/262683,"3615 Hawthorne Ter, Atlanta, GA, 30337",Atlanta,GA,30337,2499.0,3.75,FHA,317499.0,1591.0,348900.0,31400.0,377.0,186.0,100.0,3.0,3.5,1600.0,243.0,
https://www.withroam.com/listing/496-JEFFERSON-CHASE-ST-SE-ATLANTA-GA-30354/417959,"496 Jefferson Chase St SE, Atlanta, GA, 30354",Atlanta,GA,30354,1626.0,2.875,VA,239230.0,1101.0,325000.0,85769.0,352.0,173.0,0.0,3.0,2.5,1891.0,,
https://www.withroam.com/listing/6206-CARRIAGE-GATE-LN-SE-%23-6-6-MABLETON-GA-30126/230756,"6206 Carriage Gate Ln SE # 6, Mableton, GA, 30126",Mableton,GA,30126,2502.0,4.0,VA,374546.0,1885.0,425000.0,50453.0,389.0,226.0,0.0,2.0,3.0,2218.0,,
https://www.withroam.com/listing/3308-DELMAR-LN-NW-ATLANTA-GA-30331/386691,"3308 Delmar Ln NW, Atlanta, GA, 30331",Atlanta,GA,30331,1348.0,3.22,FHA,183553.0,874.0,204900.0,21346.0,221.0,109.0,0.0,3.0,2.0,1062.0,142.0,
https://www.withroam.com/listing/1700-DEVON-DR-SW-ATLANTA-GA-30311/53500,"1700 Devon Dr SW, Atlanta, GA, 30311",Atlanta,GA,30311,1207.0,3.0,VA,134657.0,626.0,205000.0,70342.0,222.0,109.0,250.0,3.0,2.5,1334.0,,
https://www.withroam.com/listing/2426-FAIR-OAKS-WAY-ATLANTA-GA-30337/345307,"2426 Fair Oaks Way, Atlanta, GA, 30337",Atlanta,GA,30337,2139.0,3.97,FHA,203983.0,1191.0,449000.0,245016.0,486.0,239.0,45.0,4.0,2.5,2456.0,177.0,
https://www.withroam.com/listing/2166-BRAXTON-RD-SW-ATLANTA-GA-30331/406651,"2166 Braxton Rd SW, Atlanta, GA, 30331",Atlanta,GA,30331,1327.0,4.45,FHA,118191.0,686.0,210000.0,91808.0,227.0,112.0,205.0,3.0,2.5,1440.0,96.0,
https://www.withroam.com/listing/1970-WELLS-DR-SW-ATLANTA-GA-30311/276729,"1970 Wells Dr SW, Atlanta, GA, 30311",Atlanta,GA,30311,1015.0,2.78,FHA,120499.0,562.0,220000.0,99500.0,238.0,117.0,0.0,3.0,2.0,1095.0,97.0,
https://www.withroam.com/listing/3499-PRINCE-GEORGE-ST-ATLANTA-GA-30344/352820,"3499 Prince George St, Atlanta, GA, 30344",Atlanta,GA,30344,2636.0,4.72,VA,323918.0,1801.0,515000.0,191081.0,557.0,274.0,2.0,4.0,3.5,2901.0,,
https://www.withroam.com/listing/3658-UTOY-DR-SW-ATLANTA-GA-30331/130228,"3658 Utoy Dr SW, Atlanta, GA, 30331",Atlanta,GA,30331,1553.0,4.875,FHA,112905.0,683.0,265000.0,152094.0,287.0,141.0,350.0,4.0,4.0,1676.0,91.0,
https://www.withroam.com/listing/3262-CASCADE-PARC-BLVD-SW-ATLANTA-GA-30311/191484,"3262 Cascade Parc Blvd SW, Atlanta, GA, 30311",Atlanta,GA,30311,2033.0,5.25,FHA,218307.0,1278.0,245000.0,26692.0,265.0,130.0,195.0,2.0,3.0,2614.0,163.0,
https://www.withroam.com/listing/3142-IMPERIAL-CIR-SW-ATLANTA-GA-30311/336913,"3142 Imperial Cir SW, Atlanta, GA, 30311",Atlanta,GA,30311,1305.0,5.0,FHA,41178.0,350.0,339900.0,298721.0,368.0,181.0,360.0,3.0,2.5,2056.0,46.0,
https://www.withroam.com/listing/785-CELESTE-LN-SW-ATLANTA-GA-30331/315632,"785 Celeste Ln SW, Atlanta, GA, 30331",Atlanta,GA,30331,938.0,3.38,FHA,74312.0,488.0,229900.0,155587.0,249.0,122.0,0.0,2.0,2.5,1534.0,78.0,
https://www.withroam.com/listing/2952-ARROWOOD-DR-ATLANTA-GA-30344/369420,"2952 Arrowood Dr, Atlanta, GA, 30344",Atlanta,GA,30344,1786.0,4.75,FHA,180404.0,1075.0,349500.0,169095.0,378.0,186.0,0.0,5.0,3.0,2303.0,146.0,23.0
https://www.withroam.com/listing/3279-CONNALLY-ST-ATLANTA-GA-30337/316354,"3279 Connally St, Atlanta, GA, 30337",Atlanta,GA,30337,2814.0,4.62,FHA,256155.0,1508.0,679000.0,422844.0,735.0,362.0,0.0,3.0,3.5,3018.0,207.0,23.0
https://www.withroam.com/listing/789-CELESTE-LN-SW-ATLANTA-GA-30331/213133,"789 Celeste Ln SW, Atlanta, GA, 30331",Atlanta,GA,30331,759.0,3.11,FHA,17888.0,84.0,235000.0,217111.0,254.0,125.0,281.0,3.0,2.5,1600.0,13.0,
https://www.withroam.com/listing/1871-E-FARRIS-AVE-ATLANTA-GA-30344/318173,"1871 E Farris Ave, Atlanta, GA, 30344",Atlanta,GA,30344,863.0,4.375,FHA,68446.0,416.0,240000.0,171553.0,260.0,128.0,0.0,4.0,2.0,1624.0,59.0,
https://www.withroam.com/listing/2730-VELTRE-TER-SW-ATLANTA-GA-30311/412214,"2730 Veltre Ter SW, Atlanta, GA, 30311",Atlanta,GA,30311,1988.0,3.59,VA,63529.0,385.0,949900.0,886370.0,1029.0,506.0,66.0,6.0,4.5,6257.0,,
https://www.withroam.com/listing/2904-RIDGEVIEW-DR-SW-ATLANTA-GA-30331/335839,"2904 Ridgeview Dr SW, Atlanta, GA, 30331",Atlanta,GA,30331,1066.0,3.62,FHA,42130.0,288.0,297000.0,254869.0,321.0,158.0,253.0,4.0,3.0,2096.0,44.0,
https://www.withroam.com/listing/201-WILHELMINA-DR-AUSTELL-GA-30168/321799,"201 Wilhelmina Dr, Austell, GA, 30168",Austell,GA,30168,1737.0,2.75,VA,250203.0,1179.0,385000.0,134796.0,352.0,205.0,0.0,4.0,2.5,3492.0,,
https://www.withroam.com/listing/5800-OAKDALE-RD-SE-UNIT-118-118-MABLETON-GA-30126/392187,"5800 Oakdale Rd SE # 118, Mableton, GA, 30126",Mableton,GA,30126,2478.0,3.69,FHA,314686.0,1573.0,329900.0,15213.0,302.0,175.0,185.0,3.0,2.5,1952.0,242.0,
https://www.withroam.com/listing/6432-IVEY-CHASE-SE-MABLETON-GA-30126/320386,"6432 Ivey Chase SE, Mableton, GA, 30126",Mableton,GA,30126,3004.0,5.375,FHA,367286.0,2171.0,385000.0,17713.0,352.0,205.0,0.0,3.0,2.5,2052.0,274.0,
https://www.withroam.com/listing/6254-VILLAGE-ARBOR-LN-MABLETON-GA-30126/338472,"6254 Village Arbor Ln, Mableton, GA, 30126",Mableton,GA,30126,1667.0,3.0,VA,221256.0,1030.0,438900.0,217643.0,402.0,234.0,0.0,3.0,3.5,2640.0,,
https://www.withroam.com/listing/2873-DEERWOOD-DR-SW-ATLANTA-GA-30331/304781,"2873 Deerwood Dr SW, Atlanta, GA, 30331",Atlanta,GA,30331,1172.0,2.5,VA,138823.0,630.0,242500.0,103676.0,262.0,129.0,150.0,3.0,2.5,1470.0,,
https://www.withroam.com/listing/5280-LAKEROCK-WAY-SW-ATLANTA-GA-30331/263860,"5280 Lakerock Way SW, Atlanta, GA, 30331",Atlanta,GA,30331,3609.0,5.27,FHA,418807.0,2460.0,485000.0,66192.0,525.0,258.0,50.0,5.0,5.0,5515.0,314.0,
https://www.withroam.com/listing/3251-TELFORD-TER-SW-ATLANTA-GA-30331/403439,"3251 Telford Ter SW, Atlanta, GA, 30331",Atlanta,GA,30331,1527.0,3.87,FHA,127925.0,772.0,395000.0,267074.0,427.0,210.0,0.0,4.0,2.5,2332.0,116.0,
https://www.withroam.com/listing/4046-LAKE-MANOR-WAY-ATLANTA-GA-30349/403433,"4046 Lake Manor Way, Atlanta, GA, 30349",Atlanta,GA,30349,1515.0,2.96,FHA,154421.0,740.0,340000.0,185578.0,368.0,181.0,100.0,3.0,2.5,1808.0,125.0,
https://www.withroam.com/listing/1968-ENON-RD-SW-ATLANTA-GA-30331/398540,"1968 Enon Rd SW, Atlanta, GA, 30331",Atlanta,GA,30331,5636.0,2.75,VA,528085.0,2402.0,1999950.0,1471864.0,2166.0,1066.0,0.0,6.0,5.0,6362.0,,
https://www.withroam.com/listing/322-ASH-WOOD-LN-CLEVELAND-GA-30528/95222,"322 Ash Wood Ln, Cleveland, GA, 30528",Cleveland,GA,30528,2303.0,5.25,FHA,282013.0,1653.0,359999.0,77985.0,246.0,192.0,0.0,4.0,3.0,1979.0,212.0,
https://www.withroam.com/listing/4057-PRINCETON-LAKES-WAY-SW-ATLANTA-GA-30331/130792,"4057 Princeton Lakes Way SW, Atlanta, GA, 30331",Atlanta,GA,30331,1467.0,2.5,VA,143414.0,649.0,335500.0,192085.0,363.0,178.0,275.0,3.0,3.0,2088.0,,
https://www.withroam.com/listing/3173-ABBEY-PL-SW-ATLANTA-GA-30331/410604,"3173 Abbey Pl SW, Atlanta, GA, 30331",Atlanta,GA,30331,2798.0,3.63,FHA,258880.0,1514.0,649000.0,390119.0,703.0,346.0,0.0,6.0,5.0,5304.0,235.0,
https://www.withroam.com/listing/409-FERN-BAY-DR-SW-262-ATLANTA-GA-30331/420035,"409 Fern Bay Dr SW # 262, Atlanta, GA, 30331",Atlanta,GA,30331,1408.0,2.87,FHA,130845.0,603.0,300000.0,169154.0,325.0,160.0,216.0,3.0,2.5,2205.0,103.0,
https://www.withroam.com/listing/145-SHADYBROOK-LN-SW-ATLANTA-GA-30331/356592,"145 Shadybrook Ln SW, Atlanta, GA, 30331",Atlanta,GA,30331,1578.0,3.5,FHA,124386.0,707.0,470000.0,345613.0,509.0,250.0,0.0,4.0,2.5,2808.0,111.0,
https://www.withroam.com/listing/5622-LAUREL-RIDGE-DR-%23-19-ATLANTA-GA-30344/178729,"5622 Laurel Ridge Dr # # 19, Atlanta, GA, 30344",Atlanta,GA,30344,1115.0,2.75,VA,143972.0,655.0,285000.0,141027.0,308.0,152.0,0.0,4.0,2.5,2110.0,,
https://www.withroam.com/listing/5185-BARRINGTON-TRACE-DR-SW-ATLANTA-GA-30331/382895,"5185 Barrington Trace Dr SW, Atlanta, GA, 30331",Atlanta,GA,30331,3475.0,4.79,FHA,192687.0,1646.0,949999.0,757312.0,1029.0,506.0,70.0,6.0,5.5,5043.0,222.0,
https://www.withroam.com/listing/4360-STONE-GATE-WAY-92-ATLANTA-GA-30344/397450,"4360 Stone Gate Way # 92, Atlanta, GA, 30344",Atlanta,GA,30344,1263.0,4.57,FHA,80511.0,638.0,177000.0,96488.0,191.0,94.0,250.0,2.0,2.5,1485.0,88.0,
https://www.withroam.com/listing/253-GALLANT-CT-%23-17-17-MABLETON-GA-30126/152264,"253 Gallant Ct # 17, Mableton, GA, 30126",Mableton,GA,30126,1184.0,4.42,FHA,111375.0,600.0,210000.0,98624.0,192.0,112.0,195.0,2.0,2.5,1216.0,84.0,
https://www.withroam.com/listing/2120-BOULDER-CHASE-CT-ELLENWOOD-GA-30294/420966,"2120 Boulder Chase Ct, Ellenwood, GA, 30294",Ellenwood,GA,30294,1276.0,5.13,FHA,78089.0,690.0,294900.0,216810.0,317.0,157.0,22.0,4.0,4.5,1350.0,89.0,
https://www.withroam.com/listing/3155-TARIAN-WAY-DECATUR-GA-30034/265681,"3155 Tarian Way, Decatur, GA, 30034",Decatur,GA,30034,1431.0,3.6,FHA,148095.0,780.0,219900.0,71804.0,236.0,117.0,175.0,3.0,2.5,1488.0,121.0,
https://www.withroam.com/listing/5163-EAST-ST-FOREST-PARK-GA-30297/414955,"5163 East St, Forest Park, GA, 30297",Forest Park,GA,30297,2324.0,5.125,FHA,276608.0,1603.0,290000.0,13391.0,357.0,154.0,0.0,3.0,2.5,1641.0,208.0,
https://www.withroam.com/listing/2413-TOLLIVER-HILLS-LN-ELLENWOOD-GA-30294/343090,"2413 Tolliver Hills Ln, Ellenwood, GA, 30294",Ellenwood,GA,30294,1211.0,2.7,FHA,155528.0,716.0,229999.0,74470.0,247.0,122.0,0.0,3.0,2.0,1557.0,125.0,
https://www.withroam.com/listing/4765-STILLWOOD-CV-FOREST-PARK-GA-30297/401067,"4765 Stillwood Cv, Forest Park, GA, 30297",Forest Park,GA,30297,1077.0,2.6,FHA,137646.0,628.0,191011.0,53364.0,235.0,101.0,0.0,3.0,2.0,1290.0,111.0,
https://www.withroam.com/listing/1883-MOORE-CREEK-LN-CONLEY-GA-30288/412235,"1883 Moore Creek Ln, Conley, GA, 30288",Conley,GA,30288,1436.0,3.63,FHA,107164.0,728.0,369900.0,262735.0,397.0,197.0,0.0,4.0,2.5,4409.0,113.0,
https://www.withroam.com/listing/1634-MARCEAU-DR-CONLEY-GA-30288/418397,"1634 Marceau Dr, Conley, GA, 30288",Conley,GA,30288,1120.0,3.42,FHA,91382.0,593.0,245000.0,153617.0,302.0,130.0,0.0,4.0,3.0,1368.0,94.0,
https://www.withroam.com/listing/4255-OLD-HOUSE-DR-CONLEY-GA-30288/131595,"4255 Old House Dr, Conley, GA, 30288",Conley,GA,30288,2503.0,5.3,FHA,292914.0,1721.0,350000.0,57085.0,376.0,186.0,0.0,4.0,2.5,2514.0,219.0,
https://www.withroam.com/listing/2840-ELLENWOOD-VILLAGE-WAY-ELLENWOOD-GA-30294/338476,"2840 Ellenwood Village Way, Ellenwood, GA, 30294",Ellenwood,GA,30294,1768.0,2.98,FHA,199253.0,938.0,380000.0,180746.0,468.0,202.0,0.0,5.0,2.5,,158.0,
https://www.withroam.com/listing/125-GOVERNORS-DR-FOREST-PARK-GA-30297/409396,"125 Governors Dr, Forest Park, GA, 30297",Forest Park,GA,30297,695.0,5.21,FHA,19164.0,262.0,130000.0,110835.0,160.0,69.0,170.0,3.0,2.5,1431.0,33.0,
https://www.withroam.com/listing/3875-MICAH-LN-ELLENWOOD-GA-30294/331988,"3875 Micah Ln, Ellenwood, GA, 30294",Ellenwood,GA,30294,976.0,3.5,FHA,82738.0,471.0,259900.0,177161.0,279.0,138.0,12.0,3.0,2.0,1788.0,74.0,
https://www.withroam.com/listing/3055-PANTHERS-TRCE-DECATUR-GA-30034/357987,"3055 Panthers Trce, Decatur, GA, 30034",Decatur,GA,30034,1408.0,4.5,VA,158781.0,861.0,169000.0,10219.0,181.0,90.0,275.0,2.0,2.5,1350.0,,
https://www.withroam.com/listing/4102-OXFORD-VIEW-CT-DECATUR-GA-30034/396939,"4102 Oxford View Ct, Decatur, GA, 30034",Decatur,GA,30034,2177.0,2.7,FHA,322092.0,1378.0,399900.0,77807.0,429.0,213.0,0.0,4.0,3.5,,155.0,
https://www.withroam.com/listing/3808-SHANE-CT-ELLENWOOD-GA-30294/293973,"3808 Shane Ct, Ellenwood, GA, 30294",Ellenwood,GA,30294,1152.0,2.6,FHA,133812.0,611.0,269000.0,135187.0,289.0,143.0,0.0,4.0,2.0,1946.0,108.0,
https://www.withroam.com/listing/2581-STAR-LN-DECATUR-GA-30034/262631,"2581 Star Ln, Decatur, GA, 30034",Decatur,GA,30034,1379.0,3.05,FHA,179118.0,854.0,220000.0,40881.0,236.0,117.0,29.0,4.0,2.5,2028.0,142.0,25.0
https://www.withroam.com/listing/121-AMELIA-WAY-ELLENWOOD-GA-30294/123718,"121 Amelia Way, Ellenwood, GA, 30294",Ellenwood,GA,30294,2165.0,2.71,FHA,247711.0,1148.0,415000.0,167288.0,529.0,221.0,66.0,5.0,3.0,2693.0,200.0,
https://www.withroam.com/listing/2494-GLENROCK-DR-DECATUR-GA-30032/386682,"2494 Glenrock Dr, Decatur, GA, 30032",Decatur,GA,30032,1754.0,2.875,VA,266773.0,1239.0,320000.0,53226.0,344.0,170.0,0.0,4.0,2.0,1926.0,,
https://www.withroam.com/listing/4123-BOSENBERRY-WAY-ELLENWOOD-GA-30294/415240,"4123 Bosenberry Way, Ellenwood, GA, 30294",Ellenwood,GA,30294,1201.0,3.63,FHA,105783.0,622.0,300000.0,194216.0,322.0,160.0,0.0,4.0,3.5,2047.0,96.0,
https://www.withroam.com/listing/3000-CATHEDRAL-PL-DECATUR-GA-30034/146375,"3000 Cathedral Pl, Decatur, GA, 30034",Decatur,GA,30034,2736.0,3.75,FHA,175800.0,1048.0,950000.0,774199.0,1021.0,506.0,0.0,4.0,3.0,4261.0,160.0,
https://www.withroam.com/listing/2619-OLD-TONEY-RD-ELLENWOOD-GA-30294/286721,"2619 Old Toney Rd, Ellenwood, GA, 30294",Ellenwood,GA,30294,1157.0,3.55,FHA,128882.0,634.0,240000.0,111117.0,296.0,128.0,0.0,3.0,2.0,1280.0,99.0,
https://www.withroam.com/listing/1560-EASTERN-SUNRISE-LN-DECATUR-GA-30034/419400,"1560 Eastern Sunrise Ln, Decatur, GA, 30034",Decatur,GA,30034,875.0,3.75,FHA,85679.0,458.0,198900.0,113220.0,213.0,106.0,27.0,2.0,2.5,1424.0,70.0,
https://www.withroam.com/listing/3581-TURNER-HEIGHTS-DR-DECATUR-GA-30032/292329,"3581 Turner Heights Dr, Decatur, GA, 30032",Decatur,GA,30032,1424.0,4.58,FHA,93658.0,728.0,370000.0,276341.0,397.0,197.0,0.0,4.0,2.5,2050.0,100.0,
https://www.withroam.com/listing/3185-KINGS-GLEN-TRL-DECATUR-GA-30034/418840,"3185 Kings Glen Trl, Decatur, GA, 30034",Decatur,GA,30034,1356.0,5.25,FHA,134364.0,845.0,249900.0,115535.0,268.0,133.0,0.0,3.0,2.5,1856.0,108.0,
https://www.withroam.com/listing/3354-WAKEFIELD-DR-DECATUR-GA-30034/197908,"3354 Wakefield Dr, Decatur, GA, 30034",Decatur,GA,30034,1259.0,3.65,FHA,89155.0,539.0,395900.0,306744.0,425.0,211.0,0.0,4.0,3.0,2388.0,83.0,
https://www.withroam.com/listing/1864-LA-MESA-LN-DECATUR-GA-30032/414253,"1864 La Mesa Ln, Decatur, GA, 30032",Decatur,GA,30032,1121.0,5.0,FHA,61647.0,521.0,330000.0,268352.0,354.0,176.0,0.0,3.0,2.5,2349.0,68.0,
https://www.withroam.com/listing/3675-GRAY-BIRCH-DR-DECATUR-GA-30034/364790,"3675 Gray Birch Dr, Decatur, GA, 30034",Decatur,GA,30034,1394.0,4.98,FHA,105435.0,876.0,249900.0,144464.0,268.0,133.0,0.0,4.0,2.5,2150.0,115.0,
https://www.withroam.com/listing/2713-NEPTUNE-PL-DECATUR-GA-30034/367918,"2713 Neptune Pl, Decatur, GA, 30034",Decatur,GA,30034,1193.0,4.0,FHA,123278.0,675.0,260000.0,136721.0,279.0,138.0,0.0,3.0,2.0,,100.0,
https://www.withroam.com/listing/4414-MITCHELLS-RIDGE-DR-ELLENWOOD-GA-30294/379025,"4414 Mitchells Ridge Dr, Ellenwood, GA, 30294",Ellenwood,GA,30294,1370.0,4.38,FHA,100359.0,689.0,330000.0,229640.0,407.0,176.0,0.0,3.0,2.5,,97.0,
https://www.withroam.com/listing/3816-HOLY-CROSS-CT-DECATUR-GA-30034/354378,"3816 Holy Cross Ct, Decatur, GA, 30034",Decatur,GA,30034,1674.0,3.09,FHA,158578.0,746.0,500000.0,341421.0,537.0,266.0,0.0,4.0,2.5,2874.0,123.0,
https://www.withroam.com/listing/4387-NORTHWIND-DR-ELLENWOOD-GA-30294/409373,"4387 Northwind Dr, Ellenwood, GA, 30294",Ellenwood,GA,30294,1254.0,5.19,FHA,72531.0,626.0,310000.0,237468.0,382.0,165.0,0.0,4.0,3.0,1626.0,80.0,
https://www.withroam.com/listing/4069-WARD-LAKE-TRL-ELLENWOOD-GA-30294/414285,"4069 Ward Lake Trl, Ellenwood, GA, 30294",Ellenwood,GA,30294,818.0,5.0,FHA,45151.0,382.0,239900.0,194748.0,257.0,127.0,0.0,3.0,2.0,11696.0,50.0,
https://www.withroam.com/listing/5338-CREEKVIEW-LN-MORROW-GA-30260/206374,"5338 Creekview Ln, Morrow, GA, 30260",Morrow,GA,30260,761.0,5.0,FHA,31533.0,263.0,239300.0,207766.0,295.0,127.0,40.0,4.0,3.0,1836.0,34.0,
https://www.withroam.com/listing/4032-WARD-LAKE-TRL-ELLENWOOD-GA-30294/261003,"4032 Ward Lake Trl, Ellenwood, GA, 30294",Ellenwood,GA,30294,997.0,3.75,FHA,97134.0,516.0,250000.0,152865.0,268.0,133.0,0.0,3.0,2.5,,78.0,
https://www.withroam.com/listing/3325-IDLECREEK-WAY-DECATUR-GA-30034/396922,"3325 Idlecreek Way, Decatur, GA, 30034",Decatur,GA,30034,1450.0,4.25,FHA,111214.0,853.0,294900.0,183685.0,317.0,157.0,0.0,4.0,3.0,1746.0,122.0,
https://www.withroam.com/listing/3809-AUSTIN-PARK-LN-DECATUR-GA-30032/365837,"3809 Austin Park Ln, Decatur, GA, 30032",Decatur,GA,30032,1024.0,5.25,FHA,45030.0,623.0,199900.0,154869.0,214.0,106.0,0.0,3.0,2.5,1464.0,79.0,
https://www.withroam.com/listing/691-HEATHMOOR-PL-DECATUR-GA-30032/325576,"691 Heathmoor Pl, Decatur, GA, 30032",Decatur,GA,30032,1687.0,3.0,FHA,210775.0,1017.0,310000.0,99224.0,333.0,165.0,0.0,3.0,2.0,1594.0,171.0,
https://www.withroam.com/listing/2117-TREEHAVEN-CT-DECATUR-GA-30035/384329,"2117 Treehaven Ct, Decatur, GA, 30035",Decatur,GA,30035,1856.0,2.8,FHA,227812.0,1069.0,375000.0,147187.0,403.0,200.0,0.0,4.0,3.0,2417.0,184.0,
https://www.withroam.com/listing/2234-NEWGATE-DR-DECATUR-GA-30035/324185,"2234 Newgate Dr, Decatur, GA, 30035",Decatur,GA,30035,888.0,4.25,FHA,71628.0,432.0,244900.0,173271.0,263.0,130.0,0.0,4.0,2.0,1808.0,62.0,
https://www.withroam.com/listing/4164-ALDEN-PARK-DR-DECATUR-GA-30035/392143,"4164 Alden Park Dr, Decatur, GA, 30035",Decatur,GA,30035,1484.0,4.25,FHA,133972.0,787.0,269900.0,135927.0,290.0,143.0,150.0,3.0,2.5,1478.0,113.0,
https://www.withroam.com/listing/1799-TIMBER-VALLEY-WAY-SE-SMYRNA-GA-30080/189411,"1799 Timber Valley Way SE, Smyrna, GA, 30080",Smyrna,GA,30080,1392.0,2.9,FHA,193431.0,899.0,235000.0,41568.0,215.0,125.0,0.0,2.0,2.0,1152.0,153.0,
https://www.withroam.com/listing/3371-KING-SPRINGS-RD-SE-SMYRNA-GA-30080/417167,"3371 King Springs Rd SE, Smyrna, GA, 30080",Smyrna,GA,30080,3053.0,4.0,VA,447644.0,2277.0,535000.0,87355.0,490.0,285.0,0.0,3.0,2.0,1436.0,,
https://www.withroam.com/listing/310-SPRING-HEIGHTS-LN-SE-%23-3%2F310-3%2F310-SMYRNA-GA-30080/407625,"310 Spring Heights Ln SE # 3/310, Smyrna, GA, 30080",Smyrna,GA,30080,1515.0,2.625,VA,173466.0,791.0,289000.0,115533.0,264.0,154.0,305.0,2.0,2.0,1278.0,,
https://www.withroam.com/listing/6579-ARBOR-GATE-DR-SW-%23-10-10-MABLETON-GA-30126/397463,"6579 Arbor Gate Dr SW # 10, Mableton, GA, 30126",Mableton,GA,30126,1417.0,3.75,VA,173952.0,875.0,208500.0,34547.0,191.0,111.0,240.0,2.0,2.5,1380.0,,
https://www.withroam.com/listing/1212-STONE-CASTLE-CIR-SE-SMYRNA-GA-30080/361789,"1212 Stone Castle Cir SE, Smyrna, GA, 30080",Smyrna,GA,30080,2270.0,2.625,VA,335138.0,1528.0,499900.0,164761.0,458.0,266.0,17.0,3.0,3.5,1900.0,,
https://www.withroam.com/listing/4781-HIGHSIDE-WAY-SMYRNA-GA-30082/324195,"4781 Highside Way, Smyrna, GA, 30082",Smyrna,GA,30082,2690.0,3.25,VA,330417.0,1653.0,525000.0,194582.0,481.0,280.0,275.0,4.0,3.5,2410.0,,24.0
https://www.withroam.com/listing/7080-FRINGE-FLOWER-DR-%23-18-18-AUSTELL-GA-30168/335806,"7080 Fringe Flower Dr # 18, Austell, GA, 30168",Austell,GA,30168,1398.0,3.375,FHA,163261.0,826.0,292900.0,129638.0,268.0,156.0,15.0,3.0,2.5,1826.0,132.0,
https://www.withroam.com/listing/3458-FENTON-DR-SE-SMYRNA-GA-30080/374717,"3458 Fenton Dr SE, Smyrna, GA, 30080",Smyrna,GA,30080,3182.0,3.02,FHA,361570.0,1718.0,524999.0,163428.0,481.0,280.0,415.0,3.0,2.5,2166.0,287.0,25.0
https://www.withroam.com/listing/2510-CUMBERLAND-CT-SE-SMYRNA-GA-30080/133388,"2510 Cumberland Ct SE, Smyrna, GA, 30080",Smyrna,GA,30080,1437.0,2.75,VA,159517.0,727.0,238000.0,78482.0,218.0,126.0,365.0,2.0,1.0,1148.0,,
https://www.withroam.com/listing/4247-MILLSIDE-WALK-SE-SMYRNA-GA-30080/388555,"4247 Millside Walk SE, Smyrna, GA, 30080",Smyrna,GA,30080,3032.0,2.625,VA,400522.0,1848.0,775000.0,374477.0,710.0,413.0,60.0,5.0,4.0,5210.0,,
https://www.withroam.com/listing/4805-W-VILLAGE-WAY-SE-%23-2000%2F2-2000%2F2-SMYRNA-GA-30080/380669,"4805 W Village Way SE # 2000/2, Smyrna, GA, 30080",Smyrna,GA,30080,2798.0,5.375,FHA,296263.0,1759.0,325000.0,28736.0,297.0,173.0,345.0,2.0,2.0,1175.0,222.0,
https://www.withroam.com/listing/2133-LUCERNE-LN-SE-SMYRNA-GA-30080/328850,"2133 Lucerne Ln SE, Smyrna, GA, 30080",Smyrna,GA,30080,2793.0,2.75,VA,286285.0,1308.0,850000.0,563714.0,779.0,453.0,252.0,4.0,3.5,3563.0,,
https://www.withroam.com/listing/4204-HARDY-AVE-SMYRNA-GA-30082/129335,"4204 Hardy Ave, Smyrna, GA, 30082",Smyrna,GA,30082,2822.0,3.97,FHA,268442.0,1635.0,635999.0,367556.0,583.0,339.0,20.0,5.0,5.0,3639.0,243.0,
https://www.withroam.com/listing/1904-COUNTRY-PARK-DR-SE-SMYRNA-GA-30080/291704,"1904 Country Park Dr SE, Smyrna, GA, 30080",Smyrna,GA,30080,1108.0,3.38,FHA,66464.0,435.0,196000.0,129535.0,179.0,104.0,320.0,2.0,1.0,1089.0,69.0,
https://www.withroam.com/listing/7054-ELMWOOD-RIDGE-CT-ATLANTA-GA-30340/400157,"7054 Elmwood Ridge Ct, Atlanta, GA, 30340",Atlanta,GA,30340,2552.0,2.7,FHA,307366.0,1393.0,399900.0,92533.0,376.0,213.0,325.0,3.0,3.5,2260.0,243.0,
https://www.withroam.com/listing/5717-BRADDOCK-CT-ATLANTA-GA-30350/355620,"5717 Braddock Ct, Atlanta, GA, 30350",Atlanta,GA,30350,3701.0,4.16,VA,525265.0,2752.0,590000.0,64734.0,634.0,314.0,0.0,4.0,4.5,2328.0,,
https://www.withroam.com/listing/6681-SEPTEMBER-EVE-PEACHTREE-CORNERS-GA-30092/381685,"6681 September Eve, Peachtree Corners, GA, 30092",Peachtree Corners,GA,30092,1470.0,3.0,FHA,141431.0,683.0,239000.0,97568.0,225.0,127.0,320.0,2.0,2.5,1152.0,114.0,
https://www.withroam.com/listing/1017-MADELINE-LN-ATLANTA-GA-30350/418582,"1017 Madeline Ln, Atlanta, GA, 30350",Atlanta,GA,30350,3696.0,3.0,VA,429458.0,2083.0,750000.0,320541.0,812.0,400.0,400.0,3.0,2.5,3010.0,,
https://www.withroam.com/listing/78-DUNWOODY-SPRINGS-DR-78-ATLANTA-GA-30328/361345,"78 Dunwoody Springs Dr # 78, Atlanta, GA, 30328",Atlanta,GA,30328,2191.0,2.75,VA,266716.0,1224.0,319400.0,52683.0,346.0,170.0,450.0,2.0,2.0,1900.0,,
https://www.withroam.com/listing/2226-SPRING-WALK-CT-ATLANTA-GA-30341/402654,"2226 Spring Walk Ct, Atlanta, GA, 30341",Atlanta,GA,30341,1490.0,2.625,VA,192333.0,887.0,350000.0,157666.0,376.0,186.0,40.0,2.0,3.5,1960.0,,
https://www.withroam.com/listing/941-PERSIMMON-PT-ATLANTA-GA-30328/409727,"941 Persimmon Pt, Atlanta, GA, 30328",Atlanta,GA,30328,2958.0,2.67,FHA,309352.0,1421.0,565000.0,255647.0,612.0,301.0,375.0,3.0,3.5,2300.0,249.0,
https://www.withroam.com/listing/3554-PINE-ST-ATLANTA-GA-30340/381695,"3554 Pine St, Atlanta, GA, 30340",Atlanta,GA,30340,1460.0,3.51,FHA,145207.0,748.0,369500.0,224292.0,397.0,197.0,0.0,3.0,2.0,1269.0,117.0,
https://www.withroam.com/listing/2570-BRADFORD-SQ-NE-ATLANTA-GA-30345/103380,"2570 Bradford Sq NE, Atlanta, GA, 30345",Atlanta,GA,30345,2152.0,5.375,FHA,212939.0,1264.0,235000.0,22060.0,252.0,125.0,350.0,4.0,2.5,1606.0,159.0,
https://www.withroam.com/listing/1850-COTILLION-DR-UNIT-4206-4206-ATLANTA-GA-30338/410675,"1850 Cotillion Dr # 4206, Atlanta, GA, 30338",Atlanta,GA,30338,1141.0,4.38,FHA,69266.0,465.0,235000.0,165733.0,252.0,125.0,232.0,1.0,1.0,752.0,66.0,
https://www.withroam.com/listing/2431-NORWOOD-PARK-XING-ATLANTA-GA-30340/358382,"2431 Norwood Park Xing, Atlanta, GA, 30340",Atlanta,GA,30340,2700.0,4.5,FHA,268263.0,1592.0,414500.0,146236.0,390.0,221.0,275.0,3.0,2.5,2216.0,222.0,
https://www.withroam.com/listing/2441-KINGS-CT-NE-ATLANTA-GA-30345/395233,"2441 Kings Ct NE, Atlanta, GA, 30345",Atlanta,GA,30345,3143.0,3.94,VA,341507.0,1954.0,739000.0,397492.0,794.0,394.0,0.0,4.0,3.5,6154.0,,
https://www.withroam.com/listing/505-WYNCOURTNEY-DR-ATLANTA-GA-30328/372551,"505 Wyncourtney Dr, Atlanta, GA, 30328",Atlanta,GA,30328,2835.0,3.37,FHA,270365.0,1399.0,750000.0,479634.0,812.0,400.0,0.0,4.0,3.0,3500.0,224.0,
https://www.withroam.com/listing/6431-WRIGHT-RD-ATLANTA-GA-30328/416390,"6431 Wright Rd, Atlanta, GA, 30328",Atlanta,GA,30328,1836.0,2.5,VA,218065.0,987.0,525000.0,306934.0,568.0,280.0,0.0,3.0,2.0,1248.0,,
https://www.withroam.com/listing/423-JEFFERSON-CIR-423-ATLANTA-GA-30328/408075,"423 Jefferson Cir # 423, Atlanta, GA, 30328",Atlanta,GA,30328,2680.0,4.35,FHA,185344.0,1063.0,650000.0,464655.0,704.0,346.0,415.0,3.0,3.5,2156.0,151.0,23.0
https://www.withroam.com/listing/7500-ROSWELL-RD-UNIT-78-78-ATLANTA-GA-30350/339341,"7500 Roswell Rd # 78, Atlanta, GA, 30350",Atlanta,GA,30350,2030.0,3.88,FHA,169419.0,1021.0,325000.0,155580.0,352.0,173.0,330.0,3.0,2.5,1728.0,153.0,
https://www.withroam.com/listing/1850-COTILLION-DR-UNIT-3304-3304-ATLANTA-GA-30338/364796,"1850 Cotillion Dr # 3304, Atlanta, GA, 30338",Atlanta,GA,30338,1119.0,5.0,FHA,60452.0,505.0,235000.0,174547.0,252.0,125.0,170.0,1.0,1.0,727.0,66.0,
https://www.withroam.com/listing/708-WOODCLIFF-DR-ATLANTA-GA-30350/357216,"708 Woodcliff Dr, Atlanta, GA, 30350",Atlanta,GA,30350,942.0,5.37,FHA,29337.0,258.0,199000.0,169662.0,215.0,106.0,330.0,1.0,1.0,861.0,32.0,
https://www.withroam.com/listing/3085-COLONIAL-WAY-APT-H-H-ATLANTA-GA-30341/391150,"3085 Colonial Way Apt H # H, Atlanta, GA, 30341",Atlanta,GA,30341,1175.0,5.0,FHA,56422.0,479.0,170000.0,113577.0,182.0,90.0,359.0,2.0,1.5,960.0,63.0,
https://www.withroam.com/listing/1198-ASHBOROUGH-TER-SE-APT-F-F-MARIETTA-GA-30067/159990,"1198 Ashborough Ter SE Apt F # F, Marietta, GA, 30067",Marietta,GA,30067,1321.0,2.73,FHA,108786.0,501.0,195000.0,86213.0,178.0,104.0,450.0,3.0,2.0,1425.0,87.0,
https://www.withroam.com/listing/2029-BRIGHTLEAF-WAY-%23-133-133-MARIETTA-GA-30060/372738,"2029 Brightleaf Way # 133, Marietta, GA, 30060",Marietta,GA,30060,1842.0,2.25,VA,220350.0,955.0,425000.0,204649.0,389.0,226.0,270.0,3.0,2.5,2158.0,,
https://www.withroam.com/listing/23-FAIR-HAVEN-WAY-SE-SMYRNA-GA-30080/399542,"23 Fair Haven Way SE, Smyrna, GA, 30080",Smyrna,GA,30080,1545.0,2.75,VA,198269.0,898.0,250000.0,51731.0,229.0,133.0,285.0,2.0,2.0,1250.0,,
https://www.withroam.com/listing/1562-HAWTHORNE-AVE-SE-SMYRNA-GA-30080/413467,"1562 Hawthorne Ave SE, Smyrna, GA, 30080",Smyrna,GA,30080,2894.0,2.5,VA,403484.0,1827.0,735500.0,332015.0,674.0,392.0,0.0,4.0,3.5,2706.0,,
https://www.withroam.com/listing/177-MILLBROOK-FARM-RD-MARIETTA-GA-30068/409721,"177 Millbrook Farm Rd, Marietta, GA, 30068",Marietta,GA,30068,2907.0,2.75,VA,412431.0,1893.0,699000.0,286568.0,640.0,372.0,0.0,5.0,4.0,4692.0,,
https://www.withroam.com/listing/932-SHARON-CIR-SE-SMYRNA-GA-30080/379604,"932 Sharon Cir SE, Smyrna, GA, 30080",Smyrna,GA,30080,2246.0,3.0,VA,291082.0,1412.0,575000.0,283917.0,527.0,306.0,0.0,3.0,2.5,1650.0,,
https://www.withroam.com/listing/2158-FREYDALE-RD-SE-MARIETTA-GA-30067/409730,"2158 Freydale Rd SE, Marietta, GA, 30067",Marietta,GA,30067,1673.0,3.5,VA,200311.0,1035.0,440000.0,239688.0,403.0,234.0,0.0,3.0,2.0,1916.0,,
https://www.withroam.com/listing/599-SAINT-JAMES-WALK-SE-MARIETTA-GA-30067/418833,"599 Saint James Walk SE, Marietta, GA, 30067",Marietta,GA,30067,1459.0,4.12,FHA,144577.0,856.0,330000.0,185422.0,302.0,176.0,0.0,2.0,2.5,1698.0,125.0,
https://www.withroam.com/listing/32-RUMSON-CT-SE-SMYRNA-GA-30080/366582,"32 Rumson Ct SE, Smyrna, GA, 30080",Smyrna,GA,30080,1306.0,2.875,VA,133959.0,622.0,275000.0,141040.0,252.0,146.0,285.0,2.0,2.0,1282.0,,
https://www.withroam.com/listing/601-WYNNES-RIDGE-CIR-SE-MARIETTA-GA-30067/386741,"601 Wynnes Ridge Cir SE, Marietta, GA, 30067",Marietta,GA,30067,1164.0,3.63,FHA,73735.0,430.0,204999.0,131263.0,187.0,109.0,370.0,2.0,1.0,1049.0,66.0,
https://www.withroam.com/listing/36-MATAWAN-CIR-SE-SMYRNA-GA-30080/362240,"36 Matawan Cir SE, Smyrna, GA, 30080",Smyrna,GA,30080,1442.0,3.83,FHA,107526.0,610.0,277000.0,169473.0,253.0,147.0,338.0,2.0,2.0,1436.0,92.0,
https://www.withroam.com/listing/16-FAIR-HAVEN-WAY-SE-SMYRNA-GA-30080/405972,"16 Fair Haven Way SE, Smyrna, GA, 30080",Smyrna,GA,30080,853.0,3.25,FHA,37061.0,237.0,195000.0,157938.0,178.0,104.0,295.0,1.0,1.5,881.0,38.0,
https://www.withroam.com/listing/1854-CASWELL-PKWY-%23-56-56-MARIETTA-GA-30060/288129,"1854 Caswell Pkwy # 56, Marietta, GA, 30060",Marietta,GA,30060,2066.0,4.62,FHA,108585.0,834.0,398500.0,289914.0,365.0,212.0,540.0,3.0,2.5,1918.0,114.0,
https://www.withroam.com/listing/4480-DOBBS-XING-MARIETTA-GA-30068/409391,"4480 Dobbs Xing, Marietta, GA, 30068",Marietta,GA,30068,2310.0,5.27,FHA,141283.0,830.0,775000.0,633716.0,710.0,413.0,250.0,3.0,3.5,3294.0,106.0,
https://www.withroam.com/listing/2011-CANYON-POINT-CIR-ROSWELL-GA-30076/418318,"2011 Canyon Point Cir, Roswell, GA, 30076",Roswell,GA,30076,1772.0,3.2,FHA,151280.0,748.0,270000.0,118719.0,292.0,144.0,465.0,2.0,2.0,1240.0,122.0,
https://www.withroam.com/listing/205-WINDING-RIVER-DR-B-ATLANTA-GA-30350/356208,"205 Winding River Dr # B, Atlanta, GA, 30350",Atlanta,GA,30350,2270.0,4.75,FHA,217615.0,1213.0,244750.0,27134.0,265.0,130.0,496.0,2.0,2.5,1326.0,164.0,
https://www.withroam.com/listing/620-NEEL-REID-DR-ROSWELL-GA-30075/271253,"620 Neel Reid Dr, Roswell, GA, 30075",Roswell,GA,30075,2984.0,2.8,FHA,316469.0,1488.0,549900.0,233430.0,595.0,293.0,350.0,3.0,2.5,2536.0,256.0,
https://www.withroam.com/listing/2872-MCPHERSON-RD-NE-ROSWELL-GA-30075/421736,"2872 Mcpherson Rd NE, Roswell, GA, 30075",Roswell,GA,30075,2842.0,3.45,FHA,316148.0,1615.0,669000.0,352851.0,613.0,356.0,0.0,4.0,2.0,3271.0,256.0,24.0
https://www.withroam.com/listing/3209-CANYON-POINT-CIR-ROSWELL-GA-30076/365248,"3209 Canyon Point Cir, Roswell, GA, 30076",Roswell,GA,30076,1770.0,2.87,FHA,160633.0,742.0,269900.0,109266.0,292.0,143.0,465.0,2.0,2.0,1360.0,126.0,
https://www.withroam.com/listing/650-RIVERSIDE-RD-ROSWELL-GA-30075/403953,"650 Riverside Rd, Roswell, GA, 30075",Roswell,GA,30075,3457.0,3.76,VA,498016.0,2503.0,590000.0,91983.0,639.0,314.0,0.0,4.0,2.0,4606.0,,26.0
https://www.withroam.com/listing/5060-MAGNOLIA-WALK-ROSWELL-GA-30075/311666,"5060 Magnolia Walk, Roswell, GA, 30075",Roswell,GA,30075,2730.0,3.38,VA,220662.0,1248.0,899000.0,678337.0,973.0,479.0,29.0,5.0,3.5,2418.0,,
https://www.withroam.com/listing/901-RIVER-RUN-DR-ATLANTA-GA-30350/396326,"901 River Run Dr, Atlanta, GA, 30350",Atlanta,GA,30350,1478.0,4.25,FHA,71162.0,546.0,249900.0,178737.0,270.0,133.0,450.0,2.0,2.0,1123.0,78.0,
https://www.withroam.com/listing/704-GETTYSBURG-PL-ATLANTA-GA-30350/418841,"704 Gettysburg Pl, Atlanta, GA, 30350",Atlanta,GA,30350,1261.0,3.5,FHA,91420.0,519.0,215000.0,123579.0,232.0,114.0,312.0,2.0,1.0,1100.0,82.0,
https://www.withroam.com/listing/9785-LA-VIEW-CIR-ROSWELL-GA-30075/401090,"9785 La View Cir, Roswell, GA, 30075",Roswell,GA,30075,3242.0,4.62,FHA,282575.0,1670.0,829900.0,547324.0,899.0,442.0,0.0,6.0,5.5,5000.0,230.0,
https://www.withroam.com/listing/3675-BROOKHOLLOW-DR-DOUGLASVILLE-GA-30135/274816,"3675 Brookhollow Dr, Douglasville, GA, 30135",Douglasville,GA,30135,2796.0,3.5,FHA,283320.0,1455.0,649999.0,366678.0,715.0,346.0,49.0,6.0,5.0,4212.0,229.0,24.0
https://www.withroam.com/listing/6696-STARLING-DR-SW-MABLETON-GA-30126/421706,"6696 Starling Dr SW, Mableton, GA, 30126",Mableton,GA,30126,1627.0,3.1,FHA,205970.0,985.0,330000.0,124029.0,302.0,176.0,0.0,3.0,2.5,1275.0,163.0,
https://www.withroam.com/listing/6198-SHOALS-LOOP-UNION-CITY-GA-30291/418839,"6198 Shoals Loop, Union City, GA, 30291",Union City,GA,30291,1521.0,3.89,FHA,170561.0,869.0,219900.0,49338.0,238.0,117.0,165.0,3.0,2.5,1686.0,130.0,26.0
https://www.withroam.com/listing/3213-BLACKLEY-OLD-RD-DOUGLASVILLE-GA-30135/179007,"3213 Blackley Old Rd, Douglasville, GA, 30135",Douglasville,GA,30135,3032.0,3.5,VA,339449.0,1751.0,625000.0,285550.0,687.0,333.0,260.0,5.0,4.5,3777.0,,
https://www.withroam.com/listing/5665-VALLEY-LOOP-FAIRBURN-GA-30213/242328,"5665 Valley Loop, Fairburn, GA, 30213",Fairburn,GA,30213,1945.0,2.93,FHA,235464.0,1100.0,379000.0,143535.0,410.0,202.0,45.0,4.0,3.0,2863.0,186.0,
https://www.withroam.com/listing/6398-FOGGY-OAK-DR-FAIRBURN-GA-30213/287435,"6398 Foggy Oak Dr, Fairburn, GA, 30213",Fairburn,GA,30213,2760.0,3.76,FHA,333317.0,1675.0,465000.0,131682.0,503.0,248.0,77.0,6.0,4.0,4604.0,256.0,26.0
https://www.withroam.com/listing/9122-LOXFORD-ST-LITHIA-SPRINGS-GA-30122/377982,"9122 Loxford St, Lithia Springs, GA, 30122",Lithia Springs,GA,30122,2783.0,2.8,FHA,338683.0,1553.0,430000.0,91316.0,473.0,229.0,260.0,5.0,4.5,3309.0,267.0,
https://www.withroam.com/listing/4178-WINSTON-CIR-ATLANTA-GA-30349/418838,"4178 Winston Cir, Atlanta, GA, 30349",Atlanta,GA,30349,1328.0,2.75,VA,179032.0,816.0,299900.0,120867.0,324.0,159.0,27.0,4.0,2.5,2142.0,,
https://www.withroam.com/listing/3863-GRIST-ML-DOUGLASVILLE-GA-30135/309212,"3863 Grist Ml, Douglasville, GA, 30135",Douglasville,GA,30135,1467.0,3.1,FHA,182965.0,860.0,279000.0,96034.0,306.0,148.0,8.0,3.0,2.0,1958.0,142.0,
https://www.withroam.com/listing/3194-ANCOATS-ST-DOUGLASVILLE-GA-30135/139708,"3194 Ancoats St, Douglasville, GA, 30135",Douglasville,GA,30135,2551.0,2.87,FHA,239057.0,1149.0,420000.0,180942.0,462.0,224.0,520.0,4.0,2.5,2460.0,196.0,24.0
https://www.withroam.com/listing/2705-DUNMORELAND-TER-ATLANTA-GA-30349/415804,"2705 Dunmoreland Ter, Atlanta, GA, 30349",Atlanta,GA,30349,845.0,2.625,VA,123508.0,563.0,174900.0,51391.0,189.0,93.0,0.0,3.0,2.5,2216.0,,
https://www.withroam.com/listing/4937-LOWER-ELM-ST-ATLANTA-GA-30349/98431,"4937 Lower Elm St, Atlanta, GA, 30349",Atlanta,GA,30349,1322.0,2.875,VA,176918.0,845.0,250000.0,73081.0,270.0,133.0,73.0,3.0,2.0,1528.0,,
https://www.withroam.com/listing/8260-EQUINOX-LN-FAIRBURN-GA-30213/284952,"8260 Equinox Ln, Fairburn, GA, 30213",Fairburn,GA,30213,2873.0,3.57,VA,332845.0,1741.0,699998.0,367152.0,758.0,373.0,0.0,6.0,5.5,5243.0,,
https://www.withroam.com/listing/474-BOXELDER-RD-ATLANTA-GA-30349/264846,"474 Boxelder Rd, Atlanta, GA, 30349",Atlanta,GA,30349,1655.0,4.0,FHA,190339.0,1031.0,270000.0,79661.0,292.0,144.0,35.0,4.0,3.0,2451.0,153.0,
https://www.withroam.com/listing/3208-GARDEN-HILL-LN-DOUGLASVILLE-GA-30135/420048,"3208 Garden Hill Ln, Douglasville, GA, 30135",Douglasville,GA,30135,2802.0,2.625,VA,345250.0,1601.0,594900.0,249649.0,654.0,317.0,230.0,5.0,4.0,3675.0,,
https://www.withroam.com/listing/4475-MERRIGOLD-WAY-FAIRBURN-GA-30213/403951,"4475 Merrigold Way, Fairburn, GA, 30213",Fairburn,GA,30213,2027.0,2.8,FHA,248586.0,1140.0,395000.0,146413.0,427.0,210.0,52.0,4.0,2.5,2414.0,196.0,
https://www.withroam.com/listing/5283-CHANTILLY-TER-ATLANTA-GA-30349/402648,"5283 Chantilly Ter, Atlanta, GA, 30349",Atlanta,GA,30349,1266.0,2.9,FHA,158016.0,753.0,218000.0,59983.0,268.0,116.0,0.0,3.0,2.0,1092.0,128.0,
https://www.withroam.com/listing/7349-PARKLAND-BND-FAIRBURN-GA-30213/396872,"7349 Parkland Bnd, Fairburn, GA, 30213",Fairburn,GA,30213,2708.0,3.01,FHA,360091.0,1687.0,440000.0,79908.0,476.0,234.0,27.0,5.0,4.0,3782.0,283.0,
https://www.withroam.com/listing/3029-DEMOONEY-RD-ATLANTA-GA-30349/409714,"3029 Demooney Rd, Atlanta, GA, 30349",Atlanta,GA,30349,1150.0,3.87,FHA,122975.0,704.0,210000.0,87024.0,227.0,112.0,0.0,3.0,2.0,1455.0,106.0,
https://www.withroam.com/listing/6496-RAYMOND-DR-6496-AND-6500-UNION-CITY-GA-30291/269382,"6496 Raymond Dr # 6496 AND 6500, Union City, GA, 30291",Union City,GA,30291,1367.0,2.9,FHA,188190.0,878.0,210000.0,21809.0,227.0,112.0,0.0,,,,149.0,
https://www.withroam.com/listing/4400-OLIVER-LN-DOUGLASVILLE-GA-30135/379852,"4400 Oliver Ln, Douglasville, GA, 30135",Douglasville,GA,30135,2782.0,2.7,FHA,324780.0,1493.0,599000.0,274219.0,658.0,319.0,50.0,5.0,4.5,4335.0,260.0,
https://www.withroam.com/listing/3177-BROADLEAF-AVE-ATLANTA-GA-30349/412783,"3177 Broadleaf Ave, Atlanta, GA, 30349",Atlanta,GA,30349,1427.0,2.75,FHA,163161.0,756.0,315000.0,151838.0,341.0,168.0,31.0,4.0,2.5,2882.0,131.0,
https://www.withroam.com/listing/4119-RAVENWOOD-CT-UNION-CITY-GA-30291/129923,"4119 Ravenwood Ct, Union City, GA, 30291",Union City,GA,30291,1737.0,3.55,FHA,219471.0,1082.0,269000.0,49528.0,291.0,143.0,50.0,3.0,4.0,1394.0,169.0,
https://www.withroam.com/listing/4915-LOWER-ELM-ST-ATLANTA-GA-30349/303498,"4915 Lower Elm St, Atlanta, GA, 30349",Atlanta,GA,30349,1777.0,3.09,FHA,244666.0,1151.0,269000.0,24333.0,291.0,143.0,0.0,3.0,2.5,1467.0,191.0,
https://www.withroam.com/listing/813-BLUE-HILL-LN-ATLANTA-GA-30349/408589,"813 Blue Hill Ln, Atlanta, GA, 30349",Atlanta,GA,30349,1212.0,2.5,VA,147786.0,671.0,298000.0,150213.0,322.0,158.0,60.0,3.0,2.0,2240.0,,
https://www.withroam.com/listing/355-MAGNOLIA-WALK-LN-ATLANTA-GA-30349/381152,"355 Magnolia Walk Ln, Atlanta, GA, 30349",Atlanta,GA,30349,2151.0,3.05,FHA,283351.0,1324.0,340000.0,56648.0,368.0,181.0,55.0,4.0,2.5,2341.0,221.0,
https://www.withroam.com/listing/7324-DEMETER-DR-ATLANTA-GA-30349/402007,"7324 Demeter Dr, Atlanta, GA, 30349",Atlanta,GA,30349,2378.0,2.75,VA,309632.0,1459.0,530000.0,220367.0,574.0,282.0,62.0,5.0,4.0,3666.0,,
https://www.withroam.com/listing/7054-CAVENDER-DR-SW-ATLANTA-GA-30331/414792,"7054 Cavender Dr SW, Atlanta, GA, 30331",Atlanta,GA,30331,1588.0,2.75,VA,204430.0,938.0,399900.0,195469.0,433.0,213.0,3.0,5.0,3.5,3855.0,,
https://www.withroam.com/listing/5845-UNION-WALK-DR-UNION-CITY-GA-30291/401507,"5845 Union Walk Dr, Union City, GA, 30291",Union City,GA,30291,1313.0,3.2,FHA,143828.0,711.0,260000.0,116171.0,281.0,138.0,65.0,3.0,2.5,1552.0,116.0,
https://www.withroam.com/listing/7730-DEMETER-DR-FAIRBURN-GA-30213/276655,"7730 Demeter Dr, Fairburn, GA, 30213",Fairburn,GA,30213,3009.0,4.99,FHA,373660.0,2069.0,439000.0,65339.0,475.0,234.0,54.0,4.0,3.0,2340.0,176.0,
https://www.withroam.com/listing/3970-PINE-HILL-DR-DOUGLASVILLE-GA-30135/409403,"3970 Pine Hill Dr, Douglasville, GA, 30135",Douglasville,GA,30135,1990.0,5.37,FHA,236908.0,1390.0,259900.0,22991.0,285.0,138.0,0.0,2.0,1.5,1772.0,175.0,
https://www.withroam.com/listing/4699-DERBY-LOOP-FAIRBURN-GA-30213/388600,"4699 Derby Loop, Fairburn, GA, 30213",Fairburn,GA,30213,1512.0,3.3,FHA,168277.0,842.0,304000.0,135722.0,329.0,162.0,41.0,4.0,3.0,2405.0,136.0,
https://www.withroam.com/listing/622-STREAM-CT-FAIRBURN-GA-30213/390343,"622 Stream Ct, Fairburn, GA, 30213",Fairburn,GA,30213,1971.0,2.5,VA,242275.0,1100.0,500000.0,257724.0,541.0,266.0,62.0,6.0,4.5,3778.0,,
https://www.withroam.com/listing/7621-FOREST-GLEN-WAY-LITHIA-SPRINGS-GA-30122/313125,"7621 Forest Glen Way, Lithia Springs, GA, 30122",Lithia Springs,GA,30122,1902.0,3.56,VA,159006.0,1040.0,499999.0,340992.0,550.0,266.0,45.0,5.0,4.0,3665.0,,17.0
https://www.withroam.com/listing/3073-VIRGINIA-PL-DOUGLASVILLE-GA-30135/339627,"3073 Virginia Pl, Douglasville, GA, 30135",Douglasville,GA,30135,1824.0,3.0,VA,224087.0,1089.0,450000.0,225912.0,495.0,240.0,0.0,3.0,2.5,2728.0,,
https://www.withroam.com/listing/2358-CAPELLA-CIR-SW-3007-ATLANTA-GA-30331/409401,"2358 Capella Cir SW # 3007, Atlanta, GA, 30331",Atlanta,GA,30331,2315.0,5.37,FHA,274652.0,1588.0,295000.0,20347.0,319.0,157.0,120.0,3.0,2.5,1592.0,130.0,
https://www.withroam.com/listing/3335-TACKETT-RD-DOUGLASVILLE-GA-30135/417174,"3335 Tackett Rd, Douglasville, GA, 30135",Douglasville,GA,30135,1536.0,3.75,FHA,151612.0,879.0,320000.0,168387.0,352.0,170.0,0.0,4.0,2.5,2315.0,134.0,
https://www.withroam.com/listing/930-SLY-FOX-RUN-FAIRBURN-GA-30213/393713,"930 Sly Fox Run, Fairburn, GA, 30213",Fairburn,GA,30213,2917.0,4.75,FHA,352257.0,1937.0,410000.0,57742.0,444.0,218.0,54.0,3.0,2.5,2200.0,263.0,
https://www.withroam.com/listing/5987-WESTCHASE-ST-ATLANTA-GA-30336/113980,"5987 Westchase St, Atlanta, GA, 30336",Atlanta,GA,30336,2041.0,5.12,FHA,244563.0,1413.0,269900.0,25336.0,292.0,143.0,8.0,3.0,3.0,1772.0,183.0,
https://www.withroam.com/listing/4221-SHOALS-LN-UNION-CITY-GA-30291/216301,"4221 Shoals Ln, Union City, GA, 30291",Union City,GA,30291,1305.0,4.0,FHA,140779.0,765.0,255000.0,114220.0,276.0,136.0,13.0,4.0,3.0,1821.0,113.0,
https://www.withroam.com/listing/7789-VILLAGE-PASS-FAIRBURN-GA-30213/128398,"7789 Village Pass, Fairburn, GA, 30213",Fairburn,GA,30213,1809.0,4.62,FHA,178194.0,1049.0,349999.0,171804.0,379.0,186.0,49.0,4.0,2.5,2500.0,144.0,23.0
https://www.withroam.com/listing/2025-VALLEY-CREEK-DR-LITHIA-SPRINGS-GA-30122/417180,"2025 Valley Creek Dr, Lithia Springs, GA, 30122",Lithia Springs,GA,30122,1069.0,4.63,FHA,61873.0,473.0,325000.0,263126.0,357.0,173.0,0.0,3.0,2.5,2298.0,65.0,
https://www.withroam.com/listing/5186-UPPER-ELM-ST-ATLANTA-GA-30349/400213,"5186 Upper Elm St, Atlanta, GA, 30349",Atlanta,GA,30349,1806.0,3.62,FHA,173661.0,917.0,375000.0,201338.0,406.0,200.0,140.0,4.0,3.0,2600.0,142.0,
https://www.withroam.com/listing/5090-ALEXANDER-AVE-UNION-CITY-GA-30291/420084,"5090 Alexander Ave, Union City, GA, 30291",Union City,GA,30291,1581.0,4.43,FHA,139249.0,826.0,395000.0,255750.0,427.0,210.0,0.0,8.0,3.5,2675.0,116.0,22.0
https://www.withroam.com/listing/5835-RAVENTREE-CT-ATLANTA-GA-30349/416366,"5835 Raventree Ct, Atlanta, GA, 30349",Atlanta,GA,30349,1364.0,4.25,FHA,97888.0,751.0,299900.0,202011.0,324.0,159.0,20.0,4.0,2.5,2002.0,108.0,
https://www.withroam.com/listing/1657-BRADMERE-LN-LITHIA-SPRINGS-GA-30122/273928,"1657 Bradmere Ln, Lithia Springs, GA, 30122",Lithia Springs,GA,30122,1649.0,4.25,FHA,148623.0,883.0,365000.0,216376.0,401.0,194.0,41.0,4.0,2.5,2458.0,127.0,
https://www.withroam.com/listing/806-HARTSTONE-CT-FAIRBURN-GA-30213/399551,"806 Hartstone Ct, Fairburn, GA, 30213",Fairburn,GA,30213,1975.0,3.88,VA,103575.0,631.0,259000.0,155424.0,280.0,138.0,925.0,3.0,2.0,1413.0,,
https://www.withroam.com/listing/2303-POLARIS-WAY-SW-ATLANTA-GA-30331/398243,"2303 Polaris Way SW, Atlanta, GA, 30331",Atlanta,GA,30331,1326.0,3.47,FHA,128507.0,726.0,299999.0,171491.0,325.0,160.0,0.0,3.0,2.5,1975.0,115.0,
https://www.withroam.com/listing/4022-HARVEST-RIDGE-DR-DOUGLASVILLE-GA-30135/415766,"4022 Harvest Ridge Dr, Douglasville, GA, 30135",Douglasville,GA,30135,1341.0,3.87,FHA,116032.0,713.0,319000.0,202967.0,350.0,170.0,0.0,4.0,4.0,3100.0,107.0,
https://www.withroam.com/listing/3181-ELMWOOD-CT-ATLANTA-GA-30349/417188,"3181 Elmwood Ct, Atlanta, GA, 30349",Atlanta,GA,30349,1338.0,3.52,FHA,95048.0,619.0,349900.0,254851.0,379.0,186.0,55.0,3.0,2.5,2458.0,97.0,17.0
https://www.withroam.com/listing/7274-DEMETER-DR-ATLANTA-GA-30349/359891,"7274 Demeter Dr, Atlanta, GA, 30349",Atlanta,GA,30349,2421.0,3.92,VA,250500.0,1431.0,575000.0,324499.0,622.0,306.0,60.0,6.0,4.0,3392.0,,
https://www.withroam.com/listing/6992-IVY-POINTE-ROW-AUSTELL-GA-30168/345354,"6992 Ivy Pointe Row, Austell, GA, 30168",Austell,GA,30168,1330.0,3.72,FHA,129155.0,681.0,375000.0,245844.0,343.0,200.0,0.0,3.0,2.5,2642.0,104.0,
https://www.withroam.com/listing/405-CAXTON-CT-SW-ATLANTA-GA-30331/394824,"405 Caxton Ct SW, Atlanta, GA, 30331",Atlanta,GA,30331,2187.0,4.25,FHA,181852.0,1086.0,535000.0,353147.0,579.0,285.0,79.0,5.0,3.0,2578.0,156.0,
https://www.withroam.com/listing/1059-CONCERTO-CT-FAIRBURN-GA-30213/333502,"1059 Concerto Ct, Fairburn, GA, 30213",Fairburn,GA,30213,3495.0,2.36,VA,176546.0,1716.0,1100000.0,923453.0,1191.0,586.0,0.0,5.0,7.5,4856.0,,
https://www.withroam.com/listing/545-TUSCAN-CV-FAIRBURN-GA-30213/396368,"545 Tuscan Cv, Fairburn, GA, 30213",Fairburn,GA,30213,2026.0,5.0,FHA,195337.0,1206.0,375000.0,179662.0,406.0,200.0,54.0,4.0,2.5,2233.0,159.0,
https://www.withroam.com/listing/820-CLIFTON-SPRINGS-CLOSE-DR-ATLANTA-GA-30349/378783,"820 Clifton Springs Close Dr, Atlanta, GA, 30349",Atlanta,GA,30349,2618.0,3.37,FHA,178197.0,1144.0,780000.0,601802.0,845.0,416.0,29.0,5.0,4.0,4156.0,183.0,
https://www.withroam.com/listing/4740-BROOKWOOD-VW-ATLANTA-GA-30349/403955,"4740 Brookwood Vw, Atlanta, GA, 30349",Atlanta,GA,30349,908.0,4.88,FHA,43161.0,369.0,289900.0,246738.0,314.0,154.0,20.0,3.0,2.0,1305.0,49.0,
https://www.withroam.com/listing/445-FITZGERALD-PL-ATLANTA-GA-30349/407598,"445 Fitzgerald Pl, Atlanta, GA, 30349",Atlanta,GA,30349,1489.0,4.75,FHA,94673.0,742.0,400000.0,305326.0,433.0,213.0,0.0,5.0,2.5,2857.0,100.0,
https://www.withroam.com/listing/510-PLATORO-CT-SW-ATLANTA-GA-30331/378372,"510 Platoro Ct SW, Atlanta, GA, 30331",Atlanta,GA,30331,1819.0,3.87,FHA,171405.0,992.0,390900.0,219494.0,423.0,208.0,45.0,5.0,3.0,3584.0,149.0,
https://www.withroam.com/listing/461-LAKE-RIDGE-LN-FAIRBURN-GA-30213/384956,"461 Lake Ridge Ln, Fairburn, GA, 30213",Fairburn,GA,30213,1899.0,4.75,FHA,187190.0,1116.0,359999.0,172808.0,390.0,192.0,50.0,5.0,3.0,3618.0,151.0,23.0
https://www.withroam.com/listing/3414-SABLE-CHASE-LN-ATLANTA-GA-30349/394252,"3414 Sable Chase Ln, Atlanta, GA, 30349",Atlanta,GA,30349,1082.0,4.38,FHA,79824.0,623.0,229500.0,149675.0,248.0,122.0,0.0,3.0,2.5,1830.0,88.0,
https://www.withroam.com/listing/2786-WHISPER-TRL-DOUGLASVILLE-GA-30135/148059,"2786 Whisper Trl, Douglasville, GA, 30135",Douglasville,GA,30135,1441.0,3.5,FHA,117794.0,681.0,399999.0,282204.0,440.0,213.0,0.0,4.0,2.0,2760.0,107.0,
https://www.withroam.com/listing/4650-STONEWALL-TELL-RD-ATLANTA-GA-30349/394244,"4650 Stonewall Tell Rd, Atlanta, GA, 30349",Atlanta,GA,30349,1103.0,3.62,FHA,93596.0,536.0,299000.0,205403.0,323.0,159.0,0.0,3.0,2.0,1397.0,83.0,
https://www.withroam.com/listing/9010-CLARK-RD-FAIRBURN-GA-30213/395599,"9010 Clark Rd, Fairburn, GA, 30213",Fairburn,GA,30213,1815.0,3.75,FHA,173272.0,1042.0,380000.0,206727.0,411.0,202.0,0.0,4.0,2.0,1300.0,159.0,
https://www.withroam.com/listing/4304-BELLWOOD-CIR-ATLANTA-GA-30349/334032,"4304 Bellwood Cir, Atlanta, GA, 30349",Atlanta,GA,30349,3277.0,5.09,VA,390741.0,2250.0,599000.0,208258.0,648.0,319.0,58.0,6.0,5.0,5068.0,,
https://www.withroam.com/listing/4047-ARNOLDS-MILL-OPAS-DOUGLASVILLE-GA-30135/392580,"4047 Arnolds Mill Opas, Douglasville, GA, 30135",Douglasville,GA,30135,1197.0,5.13,FHA,65928.0,582.0,329900.0,263971.0,362.0,175.0,0.0,4.0,3.0,2202.0,75.0,
https://www.withroam.com/listing/6985-BUTNER-RD-ATLANTA-GA-30349/335053,"6985 Butner Rd, Atlanta, GA, 30349",Atlanta,GA,30349,928.0,5.0,FHA,39181.0,342.0,334900.0,295718.0,362.0,178.0,0.0,3.0,2.5,1988.0,45.0,13.0
https://www.withroam.com/listing/5008-LOWER-ELM-ST-ATLANTA-GA-30349/376090,"5008 Lower Elm St, Atlanta, GA, 30349",Atlanta,GA,30349,959.0,5.0,FHA,46240.0,407.0,265000.0,218759.0,287.0,141.0,70.0,3.0,3.0,1400.0,53.0,
https://www.withroam.com/listing/3507-SUMMERLIN-PKWY-LITHIA-SPRINGS-GA-30122/403361,"3507 Summerlin Pkwy, Lithia Springs, GA, 30122",Lithia Springs,GA,30122,2133.0,2.7,FHA,245734.0,1132.0,410000.0,164265.0,451.0,218.0,133.0,4.0,2.5,2271.0,197.0,
https://www.withroam.com/listing/1591-PENDLEY-DR-AUSTELL-GA-30168/398934,"1591 Pendley Dr, Austell, GA, 30168",Austell,GA,30168,938.0,2.75,VA,124563.0,571.0,253000.0,128436.0,231.0,134.0,0.0,3.0,1.5,1025.0,,
https://www.withroam.com/listing/3451-SUMMERLIN-PKWY-LITHIA-SPRINGS-GA-30122/405918,"3451 Summerlin Pkwy, Lithia Springs, GA, 30122",Lithia Springs,GA,30122,2535.0,3.87,FHA,216284.0,1329.0,575000.0,358715.0,632.0,306.0,66.0,5.0,3.5,4054.0,200.0,
https://www.withroam.com/listing/1943-OAKLEAF-CT-LITHIA-SPRINGS-GA-30122/417161,"1943 Oakleaf Ct, Lithia Springs, GA, 30122",Lithia Springs,GA,30122,1141.0,4.4,FHA,96736.0,572.0,299000.0,202263.0,328.0,159.0,0.0,3.0,2.0,1685.0,80.0,22.0
https://www.withroam.com/listing/2641-SHORT-TRL-LITHIA-SPRINGS-GA-30122/96266,"2641 Short Trl, Lithia Springs, GA, 30122",Lithia Springs,GA,30122,1333.0,3.875,FHA,144680.0,775.0,270000.0,125319.0,297.0,144.0,0.0,4.0,2.0,1644.0,116.0,
https://www.withroam.com/listing/3600-CENTENNIAL-SQ-PEACHTREE-CORNERS-GA-30092/396321,"3600 Centennial Sq, Peachtree Corners, GA, 30092",Peachtree Corners,GA,30092,1386.0,2.625,VA,163064.0,743.0,300000.0,136935.0,282.0,160.0,200.0,2.0,2.5,1470.0,,
https://www.withroam.com/listing/5969-KENN-MANOR-WAY-NORCROSS-GA-30071/393270,"5969 Kenn Manor Way, Norcross, GA, 30071",Norcross,GA,30071,3584.0,2.375,VA,507976.0,2258.0,899000.0,391023.0,846.0,479.0,0.0,6.0,6.0,3801.0,,
https://www.withroam.com/listing/100-MOUNT-SHASTA-LN-ALPHARETTA-GA-30022/408058,"100 Mount Shasta Ln, Alpharetta, GA, 30022",Alpharetta,GA,30022,3060.0,2.625,VA,422895.0,1951.0,659000.0,236104.0,713.0,351.0,42.0,4.0,3.5,4927.0,,
https://www.withroam.com/listing/1807-BROOKSIDE-LAY-CIR-NORCROSS-GA-30093/383782,"1807 Brookside Lay Cir, Norcross, GA, 30093",Norcross,GA,30093,1494.0,2.98,FHA,208718.0,970.0,244900.0,36181.0,230.0,130.0,0.0,2.0,2.5,1320.0,163.0,
https://www.withroam.com/listing/2270-ROXBURGH-DR-ROSWELL-GA-30076/409703,"2270 Roxburgh Dr, Roswell, GA, 30076",Roswell,GA,30076,3778.0,2.375,VA,457936.0,2035.0,1050000.0,592063.0,1137.0,560.0,45.0,6.0,4.0,5383.0,,
https://www.withroam.com/listing/1007-BELLE-AVE-ROSWELL-GA-30076/143741,"1007 Belle Ave, Roswell, GA, 30076",Roswell,GA,30076,3382.0,3.1,FHA,355638.0,1740.0,615000.0,259361.0,666.0,328.0,360.0,4.0,4.0,2414.0,288.0,
https://www.withroam.com/listing/6176-EVES-WAY-NORCROSS-GA-30071/380283,"6176 Eves Way, Norcross, GA, 30071",Norcross,GA,30071,2710.0,2.8,FHA,309481.0,1452.0,500000.0,190518.0,470.0,266.0,270.0,4.0,3.5,2447.0,250.0,
https://www.withroam.com/listing/6089-TENNYSON-PARK-WAY-PEACHTREE-CORNERS-GA-30092/290834,"6089 Tennyson Park Way, Peachtree Corners, GA, 30092",Peachtree Corners,GA,30092,2365.0,2.71,FHA,314695.0,1455.0,445000.0,130304.0,419.0,237.0,0.0,4.0,3.5,2338.0,253.0,
https://www.withroam.com/listing/3211-OLDE-DEKALB-WAY-ATLANTA-GA-30340/362684,"3211 Olde Dekalb Way, Atlanta, GA, 30340",Atlanta,GA,30340,3009.0,4.0,FHA,332515.0,1709.0,650000.0,317485.0,698.0,346.0,0.0,4.0,2.5,2296.0,253.0,
https://www.withroam.com/listing/3939-HANCOCK-CIR-ATLANTA-GA-30340/420894,"3939 Hancock Cir, Atlanta, GA, 30340",Atlanta,GA,30340,1548.0,4.125,FHA,141719.0,789.0,245000.0,103280.0,263.0,130.0,250.0,2.0,2.5,1160.0,115.0,
https://www.withroam.com/listing/425-WORTHINGTON-HILLS-CT-ROSWELL-GA-30076/363813,"425 Worthington Hills Ct, Roswell, GA, 30076",Roswell,GA,30076,2085.0,4.07,FHA,210388.0,1170.0,459900.0,249511.0,498.0,245.0,0.0,4.0,2.5,1874.0,172.0,
https://www.withroam.com/listing/325-IVY-MILL-CT-ROSWELL-GA-30076/410615,"325 Ivy Mill Ct, Roswell, GA, 30076",Roswell,GA,30076,2811.0,4.2,FHA,285653.0,1608.0,600000.0,314346.0,650.0,320.0,0.0,4.0,2.5,2204.0,233.0,
https://www.withroam.com/listing/656-GRANBY-HILL-PL-0-ALPHARETTA-GA-30022/405006,"656 Granby Hill Pl # 0, Alpharetta, GA, 30022",Alpharetta,GA,30022,1879.0,3.56,FHA,107914.0,705.0,394999.0,287084.0,427.0,210.0,425.0,2.0,2.5,2336.0,110.0,17.0
https://www.withroam.com/listing/3996-HANCOCK-CIR-ATLANTA-GA-30340/396886,"3996 Hancock Cir, Atlanta, GA, 30340",Atlanta,GA,30340,1284.0,4.25,FHA,89247.0,532.0,265000.0,175752.0,284.0,141.0,250.0,2.0,2.5,1470.0,76.0,
https://www.withroam.com/listing/3557-SPLINTERWOOD-RD-PEACHTREE-CORNERS-GA-30092/297567,"3557 Splinterwood Rd, Peachtree Corners, GA, 30092",Peachtree Corners,GA,30092,1299.0,3.34,FHA,59853.0,387.0,220000.0,160146.0,207.0,117.0,525.0,3.0,3.0,1492.0,62.0,
https://www.withroam.com/listing/3315-PLEASANT-SHADE-CT-ATLANTA-GA-30340/407140,"3315 Pleasant Shade Ct, Atlanta, GA, 30340",Atlanta,GA,30340,1725.0,4.03,VA,141678.0,840.0,550000.0,408321.0,591.0,293.0,0.0,3.0,2.5,1994.0,,
https://www.withroam.com/listing/1858-BELMORE-ST-SE-SMYRNA-GA-30080/281534,"1858 Belmore St SE, Smyrna, GA, 30080",Smyrna,GA,30080,2940.0,2.875,VA,437798.0,2015.0,465000.0,27201.0,426.0,248.0,250.0,4.0,3.5,2800.0,,
https://www.withroam.com/listing/155-COVINGTON-AVE-NE-MARIETTA-GA-30060/420042,"155 Covington Ave NE, Marietta, GA, 30060",Marietta,GA,30060,1632.0,2.875,VA,215843.0,1030.0,415000.0,199156.0,380.0,221.0,0.0,3.0,2.0,1240.0,,
https://www.withroam.com/listing/1861-BELMORE-ST-SE-SMYRNA-GA-30080/399559,"1861 Belmore St SE, Smyrna, GA, 30080",Smyrna,GA,30080,2884.0,3.0,FHA,361102.0,1697.0,449999.0,88896.0,412.0,240.0,250.0,3.0,2.5,2026.0,285.0,
https://www.withroam.com/listing/833-JENSMITH-AVE-MARIETTA-GA-30060/341471,"833 Jensmith Ave, Marietta, GA, 30060",Marietta,GA,30060,2290.0,2.98,FHA,265295.0,1249.0,469900.0,204604.0,430.0,250.0,149.0,3.0,2.5,1982.0,210.0,
https://www.withroam.com/listing/20-GRAMPIAN-WAY-%23-4-4-MARIETTA-GA-30008/416453,"20 Grampian Way # 4, Marietta, GA, 30008",Marietta,GA,30008,1637.0,4.25,FHA,106917.0,704.0,387000.0,280082.0,354.0,206.0,270.0,3.0,2.5,2208.0,101.0,
https://www.withroam.com/listing/6004-BORDEAU-WALK-SE-SMYRNA-GA-30082/412792,"6004 Bordeau Walk SE, Smyrna, GA, 30082",Smyrna,GA,30082,1811.0,3.62,FHA,163741.0,991.0,425000.0,261258.0,389.0,226.0,50.0,4.0,3.5,2535.0,154.0,
https://www.withroam.com/listing/650-COVENTRY-TOWNSHIP-LN-MARIETTA-GA-30062/380664,"650 Coventry Township Ln, Marietta, GA, 30062",Marietta,GA,30062,1593.0,2.9,FHA,214444.0,996.0,270000.0,55555.0,247.0,144.0,36.0,2.0,2.5,1522.0,169.0,
https://www.withroam.com/listing/619-INGLEWOOD-DR-SE-SMYRNA-GA-30080/320372,"619 Inglewood Dr SE, Smyrna, GA, 30080",Smyrna,GA,30080,1030.0,3.63,FHA,91910.0,537.0,282000.0,190089.0,258.0,150.0,0.0,3.0,1.0,1050.0,83.0,
https://www.withroam.com/listing/4350-MISSENDELL-LN-PEACHTREE-CORNERS-GA-30092/421709,"4350 Missendell Ln, Peachtree Corners, GA, 30092",Peachtree Corners,GA,30092,3553.0,2.875,VA,501168.0,2344.0,775000.0,273831.0,729.0,413.0,66.0,5.0,4.5,4906.0,,25.0
https://www.withroam.com/listing/5140-MADELINE-PL-STONE-MOUNTAIN-GA-30083/119817,"5140 Madeline Pl, Stone Mountain, GA, 30083",Stone Mountain,GA,30083,1621.0,2.9,FHA,180124.0,858.0,273000.0,92875.0,293.0,145.0,178.0,3.0,2.5,1448.0,146.0,
https://www.withroam.com/listing/2629-HENDERSON-RD-TUCKER-GA-30084/386683,"2629 Henderson Rd, Tucker, GA, 30084",Tucker,GA,30084,2609.0,2.87,FHA,326151.0,1507.0,525000.0,198848.0,564.0,280.0,0.0,5.0,3.5,2293.0,257.0,
https://www.withroam.com/listing/309-PASTURE-AVE-LILBURN-GA-30047/399543,"309 Pasture Ave, Lilburn, GA, 30047",Lilburn,GA,30047,2497.0,3.09,FHA,328023.0,1547.0,364999.0,36975.0,343.0,194.0,155.0,3.0,2.5,1762.0,256.0,
https://www.withroam.com/listing/5479-WINDY-CREEK-LN-NORCROSS-GA-30071/322066,"5479 Windy Creek Ln, Norcross, GA, 30071",Norcross,GA,30071,1935.0,4.72,VA,254274.0,1413.0,280000.0,25725.0,263.0,149.0,108.0,3.0,3.0,1872.0,,
https://www.withroam.com/listing/4270-SUNNY-OAK-LN-NORCROSS-GA-30071/412246,"4270 Sunny Oak Ln, Norcross, GA, 30071",Norcross,GA,30071,1762.0,2.75,VA,246556.0,1132.0,420000.0,173443.0,395.0,224.0,11.0,3.0,2.5,1965.0,,
https://www.withroam.com/listing/4146-KINGSLEY-PARK-CT-PEACHTREE-CORNERS-GA-30096/399527,"4146 Kingsley Park Ct, Peachtree Corners, GA, 30096",Peachtree Corners,GA,30096,3139.0,2.9,FHA,357118.0,1698.0,725000.0,367881.0,682.0,386.0,83.0,5.0,3.0,3498.0,289.0,
https://www.withroam.com/listing/4722-OLD-HIGHGATE-ENTRY-STONE-MOUNTAIN-GA-30083/379772,"4722 Old Highgate Entry, Stone Mountain, GA, 30083",Stone Mountain,GA,30083,963.0,3.1,FHA,109690.0,536.0,209900.0,100209.0,225.0,111.0,0.0,3.0,2.5,1632.0,89.0,
https://www.withroam.com/listing/3274-ENFIELD-CT-TUCKER-GA-30084/362691,"3274 Enfield Ct, Tucker, GA, 30084",Tucker,GA,30084,2874.0,5.25,FHA,303211.0,1750.0,360000.0,56788.0,387.0,192.0,400.0,3.0,2.5,1500.0,145.0,
https://www.withroam.com/listing/5453-PLAIN-FIELD-LN-LILBURN-GA-30047/356174,"5453 Plain Field Ln, Lilburn, GA, 30047",Lilburn,GA,30047,2293.0,2.9,FHA,290129.0,1348.0,394900.0,104770.0,371.0,210.0,133.0,3.0,2.5,1552.0,229.0,
https://www.withroam.com/listing/108-LANKFORD-RD-TUCKER-GA-30084/417895,"108 Lankford Rd, Tucker, GA, 30084",Tucker,GA,30084,1834.0,3.25,FHA,143730.0,774.0,599000.0,455269.0,564.0,319.0,50.0,5.0,3.5,3389.0,126.0,
https://www.withroam.com/listing/5270-MILL-WAY-STONE-MOUNTAIN-GA-30083/388554,"5270 Mill Way, Stone Mountain, GA, 30083",Stone Mountain,GA,30083,1622.0,3.1,FHA,177463.0,868.0,269000.0,91536.0,289.0,143.0,178.0,3.0,2.5,1424.0,144.0,
https://www.withroam.com/listing/1084-REDWOOD-DR-NORCROSS-GA-30093/418845,"1084 Redwood Dr, Norcross, GA, 30093",Norcross,GA,30093,2195.0,3.09,FHA,284096.0,1339.0,429000.0,144903.0,403.0,228.0,0.0,4.0,3.0,1595.0,222.0,
https://www.withroam.com/listing/3360-SMITH-RIDGE-TRCE-PEACHTREE-CORNERS-GA-30071/285783,"3360 Smith Ridge Trce, Peachtree Corners, GA, 30071",Peachtree Corners,GA,30071,2482.0,2.7,FHA,258435.0,1196.0,615000.0,356564.0,579.0,328.0,170.0,5.0,3.0,2534.0,209.0,
https://www.withroam.com/listing/5160-ARROWIND-RD-NW-LILBURN-GA-30047/391619,"5160 Arrowind Rd NW, Lilburn, GA, 30047",Lilburn,GA,30047,1181.0,5.0,FHA,72196.0,600.0,340000.0,267803.0,320.0,181.0,0.0,3.0,2.5,1676.0,79.0,
https://www.withroam.com/listing/4891-FORESTGLADE-CT-STONE-MOUNTAIN-GA-30087/333495,"4891 Forestglade Ct, Stone Mountain, GA, 30087",Stone Mountain,GA,30087,3009.0,4.09,FHA,226895.0,1642.0,699900.0,473004.0,752.0,373.0,0.0,4.0,3.5,4165.0,241.0,
https://www.withroam.com/listing/4826-HAIRSTON-PARK-SQ-STONE-MOUNTAIN-GA-30083/403398,"4826 Hairston Park Sq, Stone Mountain, GA, 30083",Stone Mountain,GA,30083,1067.0,3.5,FHA,76125.0,436.0,224900.0,148774.0,241.0,119.0,200.0,3.0,2.5,1482.0,68.0,
https://www.withroam.com/listing/4935-ALLSTON-LN-PEACHTREE-CORNERS-GA-30092/420881,"4935 Allston Ln, Peachtree Corners, GA, 30092",Peachtree Corners,GA,30092,2161.0,4.75,FHA,141714.0,1142.0,430000.0,288285.0,404.0,229.0,230.0,3.0,2.5,1894.0,155.0,
https://www.withroam.com/listing/5798-LOST-GROVE-DR-NW-LILBURN-GA-30047/352839,"5798 Lost Grove Dr NW, Lilburn, GA, 30047",Lilburn,GA,30047,1879.0,4.21,FHA,140266.0,921.0,559000.0,418733.0,526.0,298.0,0.0,5.0,4.0,4371.0,133.0,
https://www.withroam.com/listing/988-REDWOOD-DR-NORCROSS-GA-30093/407597,"988 Redwood Dr, Norcross, GA, 30093",Norcross,GA,30093,1019.0,3.75,FHA,72170.0,431.0,252500.0,180329.0,237.0,134.0,150.0,2.0,2.5,1228.0,66.0,
https://www.withroam.com/listing/6535-SEVENOAKS-DR-TUCKER-GA-30084/409390,"6535 Sevenoaks Dr, Tucker, GA, 30084",Tucker,GA,30084,2744.0,5.37,FHA,324031.0,1912.0,400000.0,75969.0,376.0,213.0,0.0,3.0,4.0,2583.0,242.0,
https://www.withroam.com/listing/7041-LIVIA-PT-RIVERDALE-GA-30296/116569,"7041 Livia Pt, Riverdale, GA, 30296",Riverdale,GA,30296,1888.0,3.7,FHA,252165.0,1220.0,259900.0,7734.0,281.0,138.0,60.0,3.0,2.0,1536.0,187.0,
https://www.withroam.com/listing/2204-CREEL-RD-ATLANTA-GA-30349/132238,"2204 Creel Rd, Atlanta, GA, 30349",Atlanta,GA,30349,1619.0,2.77,FHA,209106.0,955.0,284900.0,75793.0,308.0,151.0,37.0,4.0,2.5,2016.0,165.0,
https://www.withroam.com/listing/2555-FLAT-SHOALS-RD-%23-5-1604-ATLANTA-GA-30349/344498,"2555 Flat Shoals Rd # 5 # 1604, Atlanta, GA, 30349",Atlanta,GA,30349,1511.0,4.75,FHA,101836.0,614.0,225000.0,123163.0,243.0,120.0,450.0,2.0,2.5,1590.0,83.0,
https://www.withroam.com/listing/2555-FLAT-SHOALS-RD-1705-ATLANTA-GA-30349/108321,"2555 Flat Shoals Rd # 1705, Atlanta, GA, 30349",Atlanta,GA,30349,1326.0,2.75,VA,130449.0,613.0,224990.0,94540.0,243.0,120.0,350.0,3.0,2.5,1612.0,,
https://www.withroam.com/listing/6187-THORNHEDGE-DR-RIVERDALE-GA-30296/401072,"6187 Thornhedge Dr, Riverdale, GA, 30296",Riverdale,GA,30296,1340.0,4.49,FHA,155000.0,842.0,215000.0,59999.0,265.0,114.0,0.0,3.0,2.0,1362.0,117.0,26.0
https://www.withroam.com/listing/3280-DEVILLA-TRCE-ATLANTA-GA-30349/313851,"3280 Devilla Trce, Atlanta, GA, 30349",Atlanta,GA,30349,1241.0,3.0,VA,171381.0,796.0,275000.0,103618.0,297.0,146.0,0.0,3.0,3.0,2025.0,,
https://www.withroam.com/listing/5859-WEDGEWOOD-MNR-ATLANTA-GA-30349/380293,"5859 Wedgewood Mnr, Atlanta, GA, 30349",Atlanta,GA,30349,1945.0,4.13,FHA,176648.0,1142.0,360000.0,183351.0,444.0,192.0,0.0,4.0,3.5,3088.0,166.0,
https://www.withroam.com/listing/6354-OLMADISON-PL-ATLANTA-GA-30349/265725,"6354 Olmadison Pl, Atlanta, GA, 30349",Atlanta,GA,30349,671.0,4.88,FHA,34175.0,285.0,214999.0,180823.0,232.0,114.0,0.0,3.0,2.5,1460.0,38.0,
https://www.withroam.com/listing/645-OAK-HILL-CIR-STONE-MOUNTAIN-GA-30083/397856,"645 Oak Hill Cir, Stone Mountain, GA, 30083",Stone Mountain,GA,30083,1617.0,4.25,FHA,111872.0,858.0,395000.0,283127.0,424.0,210.0,0.0,5.0,3.0,2533.0,123.0,
https://www.withroam.com/listing/41-W-CAMPBELLTON-ST-FAIRBURN-GA-30213/414225,"41 W Campbellton St, Fairburn, GA, 30213",Fairburn,GA,30213,2023.0,3.12,FHA,262582.0,1240.0,357500.0,94917.0,387.0,190.0,0.0,4.0,2.0,2917.0,205.0,
https://www.withroam.com/listing/620-SUPERIOR-WAY-FAIRBURN-GA-30213/107284,"620 Superior Way, Fairburn, GA, 30213",Fairburn,GA,30213,1821.0,2.75,VA,279025.0,1269.0,326000.0,46974.0,353.0,173.0,25.0,5.0,3.0,3190.0,,
https://www.withroam.com/listing/1040-SHADOW-GLEN-DR-FAIRBURN-GA-30213/391165,"1040 Shadow Glen Dr, Fairburn, GA, 30213",Fairburn,GA,30213,1838.0,2.75,VA,274118.0,1258.0,358900.0,84781.0,388.0,191.0,0.0,4.0,2.5,2233.0,,
https://www.withroam.com/listing/1418-WINCHESTER-TRL-RIVERDALE-GA-30296/322875,"1418 Winchester Trl, Riverdale, GA, 30296",Riverdale,GA,30296,1434.0,2.8,FHA,167439.0,771.0,300000.0,132560.0,370.0,160.0,0.0,3.0,2.0,1580.0,132.0,
https://www.withroam.com/listing/7425-FAITH-ST-FAIRBURN-GA-30213/420058,"7425 Faith St, Fairburn, GA, 30213",Fairburn,GA,30213,2164.0,2.8,FHA,282382.0,1295.0,400000.0,117617.0,433.0,213.0,0.0,3.0,2.5,1910.0,223.0,
https://www.withroam.com/listing/1584-NATIONS-TRL-RIVERDALE-GA-30296/326479,"1584 Nations Trl, Riverdale, GA, 30296",Riverdale,GA,30296,1917.0,3.7,FHA,203211.0,1084.0,360000.0,156788.0,444.0,192.0,30.0,3.0,2.5,2848.0,166.0,
https://www.withroam.com/listing/7666-BOWHEAD-CT-FAIRBURN-GA-30213/407345,"7666 Bowhead Ct, Fairburn, GA, 30213",Fairburn,GA,30213,1698.0,2.87,FHA,212200.0,980.0,330000.0,117799.0,357.0,176.0,16.0,5.0,3.0,3376.0,167.0,
https://www.withroam.com/listing/7400-NULAN-WAY-RIVERDALE-GA-30274/420862,"7400 Nulan Way, Riverdale, GA, 30274",Riverdale,GA,30274,1727.0,4.99,FHA,207195.0,1183.0,220000.0,12804.0,271.0,117.0,0.0,5.0,2.0,1675.0,156.0,
https://www.withroam.com/listing/1011-FELLOWSHIP-RD-%23-118-FAIRBURN-GA-30213/420938,"1011 Fellowship Rd # # 118, Fairburn, GA, 30213",Fairburn,GA,30213,1455.0,2.75,VA,182535.0,832.0,365000.0,182464.0,395.0,194.0,33.0,5.0,3.0,2608.0,,
https://www.withroam.com/listing/5535-CYPRESS-DR-FOREST-PARK-GA-30297/385127,"5535 Cypress Dr, Forest Park, GA, 30297",Forest Park,GA,30297,848.0,2.9,FHA,110675.0,486.0,174900.0,64224.0,215.0,93.0,0.0,3.0,1.0,986.0,53.0,
https://www.withroam.com/listing/133-WORTHING-LN-FAIRBURN-GA-30213/274797,"133 Worthing Ln, Fairburn, GA, 30213",Fairburn,GA,30213,1824.0,3.375,FHA,205912.0,1041.0,345000.0,139087.0,373.0,184.0,58.0,4.0,2.5,2319.0,166.0,
https://www.withroam.com/listing/1053-SHADOW-GLEN-DR-FAIRBURN-GA-30213/402715,"1053 Shadow Glen Dr, Fairburn, GA, 30213",Fairburn,GA,30213,1990.0,2.875,VA,277193.0,1276.0,384900.0,107706.0,416.0,205.0,91.0,4.0,2.5,3206.0,,
https://www.withroam.com/listing/7736-RUTGERS-CIR-FAIRBURN-GA-30213/179234,"7736 Rutgers Cir, Fairburn, GA, 30213",Fairburn,GA,30213,1247.0,2.75,VA,167809.0,770.0,295000.0,127190.0,319.0,157.0,0.0,3.0,3.0,1936.0,,
https://www.withroam.com/listing/694-GEORGETOWN-CT-JONESBORO-GA-30236/343852,"694 Georgetown Ct, Jonesboro, GA, 30236",Jonesboro,GA,30236,1046.0,2.9,FHA,126919.0,592.0,199900.0,72980.0,246.0,106.0,0.0,3.0,2.5,1568.0,100.0,
https://www.withroam.com/listing/5527-RADFORD-LOOP-FAIRBURN-GA-30213/402664,"5527 Radford Loop, Fairburn, GA, 30213",Fairburn,GA,30213,1643.0,2.88,FHA,163236.0,776.0,315000.0,151763.0,341.0,168.0,225.0,3.0,2.5,1922.0,132.0,
https://www.withroam.com/listing/7805-ROCK-ROSE-LN-FAIRBURN-GA-30213/95507,"7805 Rock Rose Ln, Fairburn, GA, 30213",Fairburn,GA,30213,2304.0,4.99,FHA,275211.0,1568.0,293000.0,17788.0,317.0,156.0,54.0,3.0,3.0,1864.0,207.0,
https://www.withroam.com/listing/7640-RUTGERS-CIR-FAIRBURN-GA-30213/321199,"7640 Rutgers Cir, Fairburn, GA, 30213",Fairburn,GA,30213,1510.0,3.0,FHA,156259.0,740.0,259990.0,103730.0,281.0,138.0,225.0,3.0,2.5,1458.0,124.0,25.0
https://www.withroam.com/listing/495-LEES-LAKE-RD-FAYETTEVILLE-GA-30214/412201,"495 Lees Lake Rd, Fayetteville, GA, 30214",Fayetteville,GA,30214,2200.0,2.96,FHA,237866.0,1118.0,620000.0,382133.0,563.0,330.0,0.0,3.0,2.0,1700.0,188.0,
https://www.withroam.com/listing/7823-SHERTALL-ST-FAIRBURN-GA-30213/420900,"7823 Shertall St, Fairburn, GA, 30213",Fairburn,GA,30213,1457.0,2.93,FHA,156184.0,730.0,340000.0,183815.0,368.0,181.0,54.0,4.0,2.5,2576.0,123.0,
https://www.withroam.com/listing/306-BREEZE-MDW-FAIRBURN-GA-30213/127889,"306 Breeze Mdw, Fairburn, GA, 30213",Fairburn,GA,30213,1351.0,3.87,FHA,140059.0,752.0,280000.0,139940.0,303.0,149.0,33.0,3.0,2.0,1821.0,113.0,
https://www.withroam.com/listing/7893-ROCK-ROSE-LN-FAIRBURN-GA-30213/391181,"7893 Rock Rose Ln, Fairburn, GA, 30213",Fairburn,GA,30213,1416.0,3.24,FHA,159000.0,789.0,274999.0,115998.0,297.0,146.0,54.0,3.0,2.5,2100.0,128.0,
https://www.withroam.com/listing/6878-TARA-OAKS-DR-RIVERDALE-GA-30274/392932,"6878 Tara Oaks Dr, Riverdale, GA, 30274",Riverdale,GA,30274,924.0,3.83,FHA,89813.0,510.0,157000.0,67186.0,193.0,83.0,60.0,2.0,2.0,1171.0,77.0,
https://www.withroam.com/listing/7736-VOLION-DR-FAIRBURN-GA-30213/413469,"7736 Volion Dr, Fairburn, GA, 30213",Fairburn,GA,30213,1670.0,3.78,VA,185269.0,1050.0,350000.0,164730.0,379.0,186.0,54.0,4.0,3.0,3532.0,,
https://www.withroam.com/listing/7667-BRIAR-VIEW-CT-RIVERDALE-GA-30296/401501,"7667 Briar View Ct, Riverdale, GA, 30296",Riverdale,GA,30296,1374.0,3.55,FHA,149429.0,735.0,280000.0,130570.0,345.0,149.0,29.0,4.0,4.0,1678.0,115.0,
https://www.withroam.com/listing/7777-NEWBURY-DR-JONESBORO-GA-30236/197251,"7777 Newbury Dr, Jonesboro, GA, 30236",Jonesboro,GA,30236,1148.0,4.87,FHA,104235.0,638.0,239900.0,135664.0,295.0,127.0,0.0,4.0,2.0,1472.0,85.0,
https://www.withroam.com/listing/7649-BOWHEAD-CT-FAIRBURN-GA-30213/417156,"7649 Bowhead Ct, Fairburn, GA, 30213",Fairburn,GA,30213,1777.0,4.875,FHA,177232.0,1075.0,325900.0,148667.0,353.0,173.0,31.0,4.0,2.5,3365.0,143.0,
https://www.withroam.com/listing/7706-BERNARDO-DR-RIVERDALE-GA-30296/394836,"7706 Bernardo Dr, Riverdale, GA, 30296",Riverdale,GA,30296,909.0,2.95,FHA,93990.0,440.0,195000.0,101009.0,240.0,104.0,50.0,3.0,2.5,1112.0,74.0,
https://www.withroam.com/listing/7159-WOODRIDGE-LN-UNION-CITY-GA-30291/405239,"7159 Woodridge Ln, Union City, GA, 30291",Union City,GA,30291,1098.0,3.85,FHA,86501.0,492.0,190000.0,103498.0,205.0,101.0,225.0,2.0,1.0,1243.0,74.0,
https://www.withroam.com/listing/5355-SHARON-ST-FOREST-PARK-GA-30297/343822,"5355 Sharon St, Forest Park, GA, 30297",Forest Park,GA,30297,932.0,4.5,FHA,75550.0,520.0,192000.0,116449.0,236.0,102.0,0.0,3.0,1.0,1280.0,72.0,
https://www.withroam.com/listing/6659-SETTER-DR-RIVERDALE-GA-30296/382277,"6659 Setter Dr, Riverdale, GA, 30296",Riverdale,GA,30296,1074.0,3.78,VA,114733.0,650.0,240000.0,125266.0,296.0,128.0,0.0,3.0,2.5,2102.0,,
https://www.withroam.com/listing/752-MAPLE-DR-RIVERDALE-GA-30274/382465,"752 Maple Dr, Riverdale, GA, 30274",Riverdale,GA,30274,1047.0,3.5,FHA,101843.0,529.0,246000.0,144156.0,303.0,131.0,0.0,3.0,2.0,1920.0,83.0,
https://www.withroam.com/listing/7365-SAINT-PETER-WAY-FAIRBURN-GA-30213/371601,"7365 Saint Peter Way, Fairburn, GA, 30213",Fairburn,GA,30213,1374.0,4.16,FHA,137547.0,821.0,268000.0,130452.0,290.0,142.0,0.0,3.0,3.0,1604.0,119.0,
https://www.withroam.com/listing/550-BIRKDALE-DR-FAIRBURN-GA-30213/389024,"550 Birkdale Dr, Fairburn, GA, 30213",Fairburn,GA,30213,1919.0,2.97,FHA,206013.0,969.0,425000.0,218986.0,460.0,226.0,100.0,4.0,2.5,2968.0,163.0,
https://www.withroam.com/listing/7202-GOTLAND-ST-UNION-CITY-GA-30291/365279,"7202 Gotland St, Union City, GA, 30291",Union City,GA,30291,995.0,3.75,FHA,92003.0,492.0,209000.0,116996.0,226.0,111.0,90.0,3.0,2.5,1552.0,75.0,
https://www.withroam.com/listing/2375-GARNET-AVE-RIVERDALE-GA-30296/397490,"2375 Garnet Ave, Riverdale, GA, 30296",Riverdale,GA,30296,1128.0,3.62,FHA,95849.0,563.0,279900.0,184050.0,303.0,149.0,25.0,3.0,2.5,2134.0,87.0,
https://www.withroam.com/listing/7687-CABRINI-PL-FAIRBURN-GA-30213/378370,"7687 Cabrini Pl, Fairburn, GA, 30213",Fairburn,GA,30213,1814.0,4.75,FHA,163894.0,987.0,289900.0,126005.0,314.0,154.0,225.0,3.0,2.5,1946.0,134.0,
https://www.withroam.com/listing/3593-EBB-CIR-FAIRBURN-GA-30213/400626,"3593 Ebb Cir, Fairburn, GA, 30213",Fairburn,GA,30213,1284.0,3.5,FHA,114312.0,595.0,345000.0,230687.0,373.0,184.0,37.0,4.0,2.5,2227.0,93.0,
https://www.withroam.com/listing/8408-WILLOWS-WAY-RIVERDALE-GA-30274/400198,"8408 Willows Way, Riverdale, GA, 30274",Riverdale,GA,30274,1115.0,4.0,FHA,74042.0,471.0,325000.0,250957.0,400.0,173.0,0.0,4.0,2.5,,69.0,
https://www.withroam.com/listing/1140-FOXCROFT-DR-MORROW-GA-30260/391609,"1140 Foxcroft Dr, Morrow, GA, 30260",Morrow,GA,30260,1695.0,4.77,FHA,64509.0,550.0,450000.0,385490.0,555.0,240.0,275.0,4.0,2.5,2620.0,74.0,
https://www.withroam.com/listing/2367-GARNET-AVE-RIVERDALE-GA-30296/310545,"2367 Garnet Ave, Riverdale, GA, 30296",Riverdale,GA,30296,1118.0,3.5,FHA,84663.0,485.0,325000.0,240336.0,352.0,173.0,31.0,4.0,3.0,3077.0,76.0,
https://www.withroam.com/listing/8440-CEDAR-CREEK-RDG-RIVERDALE-GA-30274/398569,"8440 Cedar Creek Rdg, Riverdale, GA, 30274",Riverdale,GA,30274,1077.0,4.21,FHA,73830.0,562.0,245000.0,171169.0,302.0,130.0,0.0,3.0,2.0,1832.0,81.0,
https://www.withroam.com/listing/245-E-CREEK-CIR-ROSWELL-GA-30076/420868,"245 E Creek Cir, Roswell, GA, 30076",Roswell,GA,30076,2633.0,2.97,FHA,308376.0,1451.0,549900.0,241523.0,595.0,293.0,48.0,3.0,2.0,2096.0,244.0,
https://www.withroam.com/listing/2986-WINDSTONE-CIR-MARIETTA-GA-30062/405905,"2986 Windstone Cir, Marietta, GA, 30062",Marietta,GA,30062,6648.0,3.69,VA,924232.0,4620.0,1290000.0,365767.0,1182.0,688.0,158.0,5.0,4.5,5422.0,,
https://www.withroam.com/listing/3612-WATERS-EDGE-TRL-ROSWELL-GA-30075/394255,"3612 Waters Edge Trl, Roswell, GA, 30075",Roswell,GA,30075,2951.0,2.8,FHA,304699.0,1400.0,485000.0,180300.0,525.0,258.0,525.0,3.0,3.5,2766.0,241.0,
https://www.withroam.com/listing/1002-TOWNSHIP-SQ-ALPHARETTA-GA-30022/165000,"1002 Township Sq, Alpharetta, GA, 30022",Alpharetta,GA,30022,2275.0,2.375,VA,269536.0,1198.0,490000.0,220463.0,530.0,261.0,285.0,3.0,3.5,2400.0,,
https://www.withroam.com/listing/230-ROYAL-COLONY-CT-ALPHARETTA-GA-30022/394249,"230 Royal Colony Ct, Alpharetta, GA, 30022",Alpharetta,GA,30022,2222.0,5.0,FHA,210722.0,1306.0,459900.0,249177.0,498.0,245.0,0.0,3.0,2.5,1662.0,172.0,
https://www.withroam.com/listing/110-N-BLUFF-ALPHARETTA-GA-30004/405233,"110 N Bluff, Alpharetta, GA, 30004",Alpharetta,GA,30004,2383.0,2.875,VA,254595.0,1172.0,739000.0,484404.0,800.0,394.0,16.0,5.0,2.5,2900.0,,
